trial,channel_idx,channel_label,amp_fraction,amp_consistency,period_consistency,monotonicity,period,time_peak,time_trough,volt_peak,volt_trough,time_decay,time_rise,volt_decay,volt_rise,volt_amp,time_rdsym,time_ptsym,band_amp,sample_peak,sample_last_zerox_decay,sample_zerox_decay,sample_zerox_rise,sample_last_trough,sample_next_trough,is_burst
uint8,uint8,LH1,float32,NAN,NAN,float32,uint8,uint8,uint8,float32,float32,uint8,uint8,float32,float32,float32,float32,float32,float32,uint8,uint8,uint8,uint8,uint8,uint8,FALSE
uint8,uint8,LH1,float32,float32,float32,float32,uint8,uint8,uint8,float32,float32,uint8,uint8,float32,float32,float32,float32,float32,float32,uint8,uint8,uint8,uint8,uint8,uint8,TRUE
uint8,uint8,LH1,float32,float32,float32,float32,uint8,uint8,uint8,float32,float32,uint8,uint8,float32,float32,float32,float32,float32,float32,uint8,uint8,uint16,uint8,uint8,uint16,TRUE
uint8,uint8,LH1,float32,float32,float32,float32,uint8,uint8,uint8,float32,float32,uint8,uint8,float32,float32,float32,float32,float32,float32,uint16,uint16,uint16,uint16,uint16,uint16,TRUE
uint8,uint8,LH1,float32,float32,float32,float32,uint8,uint8,uint8,float32,float32,uint8,uint8,float32,float32,float32,float32,float32,float32,uint16,uint16,uint16,uint16,uint16,uint16,TRUE
uint8,uint8,LH1,uint8,float32,float32,float32,uint8,uint8,uint8,float32,float32,uint8,uint8,float32,float32,float32,float32,float32,float32,uint16,uint16,uint16,uint16,uint16,uint16,TRUE
uint8,uint8,LH1,float32,float32,float32,float32,uint8,uint8,uint8,float32,float32,uint8,uint8,float32,float32,float32,float32,float32,float32,uint16,uint16,uint16,uint16,uint16,uint16,TRUE
uint8,uint8,LH1,float32,float32,float32,float32,uint8,uint8,uint8,float32,float32,uint8,uint8,float32,float32,float32,float32,float32,float32,uint16,uint16,uint16,uint16,uint16,uint16,TRUE
uint8,uint8,LH1,float32,float32,float32,float32,uint8,uint8,uint8,float32,float32,uint8,uint8,float32,float32,float32,float32,float32,float32,uint16,uint16,uint16,uint16,uint16,uint16,TRUE
uint8,uint8,LH1,float32,float32,float32,float32,uint8,uint8,uint8,float32,float32,uint8,uint8,float32,float32,float32,float32,float32,float32,uint16,uint16,uint16,uint16,uint16,uint16,FALSE
uint8,uint8,LH1,float32,float32,float32,float32,uint8,uint8,uint8,float32,float32,uint8,uint8,float32,float32,float32,float32,float32,float32,uint16,uint16,uint16,uint16,uint16,uint16,FALSE
uint8,uint8,LH1,float32,float32,float32,float32,uint8,uint8,uint8,float32,float32,uint8,uint8,float32,float32,float32,float32,float32,float32,uint16,uint16,uint16,uint16,uint16,uint16,FALSE
uint8,uint8,LH1,float32,float32,float32,float32,uint8,uint8,uint8,float32,float32,uint8,uint8,float32,float32,float32,float32,float32,float32,uint16,uint16,uint16,uint16,uint16,uint16,FALSE
uint8,uint8,LH1,float32,NAN,NAN,uint8,uint8,uint8,uint8,float32,float32,uint8,uint8,float32,float32,float32,float32,float32,float32,uint16,uint16,uint16,uint16,uint16,uint16,FALSE
uint8,uint8,LH2,float32,NAN,NAN,float32,uint8,uint8,uint8,float32,float32,uint8,uint8,float32,float32,float32,float32,float32,float32,uint8,uint8,uint8,uint8,uint8,uint8,FALSE
uint8,uint8,LH2,float32,float32,float32,float32,uint8,uint8,uint8,float32,float32,uint8,uint8,float32,float32,float32,float32,float32,float32,uint8,uint8,uint8,uint8,uint8,uint8,FALSE
uint8,uint8,LH2,float32,float32,float32,float32,uint8,uint8,uint8,float32,float32,uint8,uint8,float32,float32,float32,float32,float32,float32,uint16,uint8,uint16,uint8,uint8,uint16,TRUE
uint8,uint8,LH2,float32,float32,float32,float32,uint8,uint8,uint8,float32,float32,uint8,uint8,float32,float32,float32,float32,float32,float32,uint16,uint16,uint16,uint16,uint16,uint16,TRUE
uint8,uint8,LH2,uint8,float32,float32,float32,uint8,uint8,uint8,float32,float32,uint8,uint8,float32,float32,float32,float32,float32,float32,uint16,uint16,uint16,uint16,uint16,uint16,TRUE
uint8,uint8,LH2,float32,float32,float32,float32,uint8,uint8,uint8,float32,float32,uint8,uint8,float32,float32,float32,float32,float32,float32,uint16,uint16,uint16,uint16,uint16,uint16,TRUE
uint8,uint8,LH2,float32,float32,float32,float32,uint8,uint8,uint8,float32,float32,uint8,uint8,float32,float32,float32,float32,float32,float32,uint16,uint16,uint16,uint16,uint16,uint16,TRUE
uint8,uint8,LH2,float32,float32,float32,float32,uint8,uint8,uint8,float32,float32,uint8,uint8,float32,float32,float32,float32,float32,float32,uint16,uint16,uint16,uint16,uint16,uint16,TRUE
uint8,uint8,LH2,float32,float32,float32,float32,uint8,uint8,uint8,float32,float32,uint8,uint8,float32,float32,float32,float32,float32,float32,uint16,uint16,uint16,uint16,uint16,uint16,FALSE
uint8,uint8,LH2,float32,float32,float32,float32,uint8,uint8,uint8,float32,float32,uint8,uint8,float32,float32,float32,float32,float32,float32,uint16,uint16,uint16,uint16,uint16,uint16,FALSE
uint8,uint8,LH2,float32,float32,float32,uint8,uint8,uint8,uint8,float32,float32,uint8,uint8,float32,float32,float32,float32,float32,float32,uint16,uint16,uint16,uint16,uint16,uint16,TRUE
uint8,uint8,LH2,float32,float32,float32,float32,uint8,uint8,uint8,float32,float32,uint8,uint8,float32,float32,float32,float32,float32,float32,uint16,uint16,uint16,uint16,uint16,uint16,TRUE
uint8,uint8,LH2,float32,float32,float32,float32,uint8,uint8,uint8,float32,float32,uint8,uint8,float32,float32,float32,float32,float32,float32,uint16,uint16,uint16,uint16,uint16,uint16,TRUE
uint8,uint8,LH2,float32,NAN,NAN,float32,uint8,uint8,uint8,float32,float32,uint8,uint8,float32,float32,float32,float32,float32,float32,uint16,uint16,uint16,uint16,uint16,uint16,FALSE
uint8,uint8,LH3,float32,NAN,NAN,float32,uint8,uint8,uint8,float32,float32,uint8,uint8,float32,float32,float32,float32,float32,float32,uint8,uint8,uint8,uint8,uint8,uint8,FALSE
uint8,uint8,LH3,uint8,float32,float32,float32,uint8,uint8,uint8,float32,float32,uint8,uint8,float32,float32,float32,float32,float32,float32,uint8,uint8,uint16,uint8,uint8,uint16,TRUE
uint8,uint8,LH3,float32,float32,float32,float32,uint8,uint8,uint8,float32,float32,uint8,uint8,float32,float32,float32,float32,float32,float32,uint16,uint16,uint16,uint16,uint16,uint16,TRUE
uint8,uint8,LH3,float32,float32,float32,float32,uint8,uint8,uint8,float32,float32,uint8,uint8,float32,float32,float32,float32,float32,float32,uint16,uint16,uint16,uint16,uint16,uint16,TRUE
uint8,uint8,LH3,float32,float32,float32,float32,uint8,uint8,uint8,float32,float32,uint8,uint8,float32,float32,float32,float32,float32,float32,uint16,uint16,uint16,uint16,uint16,uint16,TRUE
uint8,uint8,LH3,float32,float32,float32,uint8,uint8,uint8,uint8,float32,float32,uint8,uint8,float32,float32,float32,float32,float32,float32,uint16,uint16,uint16,uint16,uint16,uint16,FALSE
uint8,uint8,LH3,float32,float32,float32,float32,uint8,uint8,uint8,float32,float32,uint8,uint8,float32,float32,float32,float32,float32,float32,uint16,uint16,uint16,uint16,uint16,uint16,TRUE
uint8,uint8,LH3,float32,float32,float32,float32,uint8,uint8,uint8,float32,float32,uint8,uint8,float32,float32,float32,float32,float32,float32,uint16,uint16,uint16,uint16,uint16,uint16,TRUE
uint8,uint8,LH3,float32,float32,float32,float32,uint8,uint8,uint8,float32,float32,uint8,uint8,float32,float32,float32,float32,float32,float32,uint16,uint16,uint16,uint16,uint16,uint16,TRUE
uint8,uint8,LH3,float32,float32,float32,float32,uint8,uint8,uint8,float32,float32,uint8,uint8,float32,float32,float32,float32,float32,float32,uint16,uint16,uint16,uint16,uint16,uint16,TRUE
uint8,uint8,LH3,float32,float32,float32,float32,uint8,uint8,uint8,float32,float32,uint8,uint8,float32,float32,float32,float32,float32,float32,uint16,uint16,uint16,uint16,uint16,uint16,TRUE
uint8,uint8,LH3,float32,float32,float32,float32,uint8,uint8,uint8,float32,float32,uint8,uint8,float32,float32,float32,float32,float32,float32,uint16,uint16,uint16,uint16,uint16,uint16,TRUE
uint8,uint8,LH3,float32,float32,float32,float32,uint8,uint8,uint8,float32,float32,uint8,uint8,float32,float32,float32,float32,float32,float32,uint16,uint16,uint16,uint16,uint16,uint16,TRUE
uint8,uint8,LH3,float32,NAN,NAN,float32,uint8,uint8,uint8,float32,float32,uint8,uint8,float32,float32,float32,float32,float32,float32,uint16,uint16,uint16,uint16,uint16,uint16,FALSE
uint8,uint8,LH4,float32,NAN,NAN,float32,uint8,uint8,uint8,float32,float32,uint8,uint8,float32,float32,float32,float32,float32,float32,uint8,uint8,uint8,uint8,uint8,uint8,FALSE
uint8,uint8,LH4,float32,float32,float32,float32,uint8,uint8,uint8,float32,float32,uint8,uint8,float32,float32,float32,float32,float32,float32,uint8,uint8,uint8,uint8,uint8,uint8,FALSE
uint8,uint8,LH4,float32,float32,float32,float32,uint8,uint8,uint8,float32,float32,uint8,uint8,float32,float32,float32,float32,float32,float32,uint16,uint8,uint16,uint8,uint8,uint16,FALSE
uint8,uint8,LH4,float32,float32,float32,float32,uint8,uint8,uint8,float32,float32,uint8,uint8,float32,float32,float32,float32,float32,float32,uint16,uint16,uint16,uint16,uint16,uint16,TRUE
uint8,uint8,LH4,float32,float32,float32,float32,uint8,uint8,uint8,float32,float32,uint8,uint8,float32,float32,float32,float32,float32,float32,uint16,uint16,uint16,uint16,uint16,uint16,TRUE
uint8,uint8,LH4,float32,float32,float32,float32,uint8,uint8,uint8,float32,float32,uint8,uint8,float32,float32,float32,float32,float32,float32,uint16,uint16,uint16,uint16,uint16,uint16,TRUE
uint8,uint8,LH4,uint8,float32,float32,float32,uint8,uint8,uint8,float32,float32,uint8,uint8,float32,float32,float32,float32,float32,float32,uint16,uint16,uint16,uint16,uint16,uint16,TRUE
uint8,uint8,LH4,float32,float32,float32,float32,uint8,uint8,uint8,float32,float32,uint8,uint8,float32,float32,float32,float32,float32,float32,uint16,uint16,uint16,uint16,uint16,uint16,TRUE
uint8,uint8,LH4,float32,float32,float32,float32,uint8,uint8,uint8,float32,float32,uint8,uint8,float32,float32,float32,float32,float32,float32,uint16,uint16,uint16,uint16,uint16,uint16,TRUE
uint8,uint8,LH4,float32,float32,float32,float32,uint8,uint8,uint8,float32,float32,uint8,uint8,float32,float32,float32,float32,float32,float32,uint16,uint16,uint16,uint16,uint16,uint16,FALSE
uint8,uint8,LH4,float32,float32,float32,float32,uint8,uint8,uint8,float32,float32,uint8,uint8,float32,float32,float32,float32,float32,float32,uint16,uint16,uint16,uint16,uint16,uint16,FALSE
uint8,uint8,LH4,float32,float32,float32,float32,uint8,uint8,uint8,float32,float32,uint8,uint8,float32,float32,float32,float32,float32,float32,uint16,uint16,uint16,uint16,uint16,uint16,FALSE
uint8,uint8,LH4,float32,float32,float32,float32,uint8,uint8,uint8,float32,float32,uint8,uint8,float32,float32,float32,float32,float32,float32,uint16,uint16,uint16,uint16,uint16,uint16,FALSE
uint8,uint8,LH4,float32,float32,float32,float32,uint8,uint8,uint8,float32,float32,uint8,uint8,float32,float32,float32,float32,float32,float32,uint16,uint16,uint16,uint16,uint16,uint16,FALSE
uint8,uint8,LH4,float32,NAN,NAN,float32,uint8,uint8,uint8,float32,float32,uint8,uint8,float32,float32,float32,float32,float32,float32,uint16,uint16,uint16,uint16,uint16,uint16,FALSE
uint8,uint8,LH5,float32,NAN,NAN,float32,uint8,uint8,uint8,float32,float32,uint8,uint8,float32,float32,float32,float32,float32,float32,uint8,uint8,uint8,uint8,uint8,uint8,FALSE
uint8,uint8,LH5,float32,float32,float32,float32,uint8,uint8,uint8,float32,float32,uint8,uint8,float32,float32,float32,float32,float32,float32,uint8,uint8,uint8,uint8,uint8,uint8,TRUE
uint8,uint8,LH5,float32,float32,float32,float32,uint8,uint8,uint8,float32,float32,uint8,uint8,float32,float32,float32,float32,float32,float32,uint8,uint8,uint16,uint8,uint8,uint16,TRUE
uint8,uint8,LH5,float32,float32,float32,float32,uint8,uint8,uint8,float32,float32,uint8,uint8,float32,float32,float32,float32,float32,float32,uint16,uint16,uint16,uint16,uint16,uint16,TRUE
uint8,uint8,LH5,float32,float32,float32,float32,uint8,uint8,uint8,float32,float32,uint8,uint8,float32,float32,float32,float32,float32,float32,uint16,uint16,uint16,uint16,uint16,uint16,TRUE
uint8,uint8,LH5,float32,float32,float32,float32,uint8,uint8,uint8,float32,float32,uint8,uint8,float32,float32,float32,float32,float32,float32,uint16,uint16,uint16,uint16,uint16,uint16,FALSE
uint8,uint8,LH5,float32,float32,float32,float32,uint8,uint8,uint8,float32,float32,uint8,uint8,float32,float32,float32,float32,float32,float32,uint16,uint16,uint16,uint16,uint16,uint16,TRUE
uint8,uint8,LH5,float32,float32,float32,float32,uint8,uint8,uint8,float32,float32,uint8,uint8,float32,float32,float32,float32,float32,float32,uint16,uint16,uint16,uint16,uint16,uint16,TRUE
uint8,uint8,LH5,float32,float32,float32,float32,uint8,uint8,uint8,float32,float32,uint8,uint8,float32,float32,float32,float32,float32,float32,uint16,uint16,uint16,uint16,uint16,uint16,TRUE
uint8,uint8,LH5,float32,float32,float32,float32,uint8,uint8,uint8,float32,float32,uint8,uint8,float32,float32,float32,float32,float32,float32,uint16,uint16,uint16,uint16,uint16,uint16,FALSE
uint8,uint8,LH5,float32,float32,float32,float32,uint8,uint8,uint8,float32,float32,uint8,uint8,float32,float32,float32,float32,float32,float32,uint16,uint16,uint16,uint16,uint16,uint16,FALSE
uint8,uint8,LH5,uint8,float32,float32,float32,uint8,uint8,uint8,float32,float32,uint8,uint8,float32,float32,float32,float32,float32,float32,uint16,uint16,uint16,uint16,uint16,uint16,FALSE
uint8,uint8,LH5,float32,float32,float32,float32,uint8,uint8,uint8,float32,float32,uint8,uint8,float32,float32,float32,float32,float32,float32,uint16,uint16,uint16,uint16,uint16,uint16,FALSE
uint8,uint8,LH5,float32,NAN,NAN,float32,uint8,uint8,uint8,float32,float32,uint8,uint8,float32,float32,float32,float32,float32,float32,uint16,uint16,uint16,uint16,uint16,uint16,FALSE
uint8,uint8,LH6,float32,NAN,NAN,float32,uint8,uint8,uint8,float32,float32,uint8,uint8,float32,float32,float32,float32,float32,float32,uint8,uint8,uint8,uint8,uint8,uint8,FALSE
uint8,uint8,LH6,float32,float32,float32,float32,uint8,uint8,uint8,float32,float32,uint8,uint8,float32,float32,float32,float32,float32,float32,uint8,uint8,uint8,uint8,uint8,uint8,TRUE
uint8,uint8,LH6,float32,float32,float32,float32,uint8,uint8,uint8,float32,float32,uint8,uint8,float32,float32,float32,float32,float32,float32,uint16,uint8,uint16,uint8,uint8,uint16,TRUE
uint8,uint8,LH6,float32,float32,float32,float32,uint8,uint8,uint8,float32,float32,uint8,uint8,float32,float32,float32,float32,float32,float32,uint16,uint16,uint16,uint16,uint16,uint16,TRUE
uint8,uint8,LH6,uint8,float32,float32,float32,uint8,uint8,uint8,float32,float32,uint8,uint8,float32,float32,float32,float32,float32,float32,uint16,uint16,uint16,uint16,uint16,uint16,TRUE
uint8,uint8,LH6,float32,float32,float32,float32,uint8,uint8,uint8,float32,float32,uint8,uint8,float32,float32,float32,float32,float32,float32,uint16,uint16,uint16,uint16,uint16,uint16,FALSE
uint8,uint8,LH6,float32,float32,float32,float32,uint8,uint8,uint8,float32,float32,uint8,uint8,float32,float32,float32,float32,float32,float32,uint16,uint16,uint16,uint16,uint16,uint16,TRUE
uint8,uint8,LH6,float32,float32,float32,float32,uint8,uint8,uint8,float32,float32,uint8,uint8,float32,float32,float32,float32,float32,float32,uint16,uint16,uint16,uint16,uint16,uint16,TRUE
uint8,uint8,LH6,float32,float32,float32,float32,uint8,uint8,uint8,float32,float32,uint8,uint8,float32,float32,float32,float32,float32,float32,uint16,uint16,uint16,uint16,uint16,uint16,TRUE
uint8,uint8,LH6,float32,float32,float32,float32,uint8,uint8,uint8,float32,float32,uint8,uint8,float32,float32,float32,float32,float32,float32,uint16,uint16,uint16,uint16,uint16,uint16,FALSE
uint8,uint8,LH6,float32,float32,float32,float32,uint8,uint8,uint8,float32,float32,uint8,uint8,float32,float32,float32,float32,float32,float32,uint16,uint16,uint16,uint16,uint16,uint16,FALSE
uint8,uint8,LH6,float32,float32,float32,float32,uint8,uint8,uint8,float32,float32,uint8,uint8,float32,float32,float32,float32,float32,float32,uint16,uint16,uint16,uint16,uint16,uint16,FALSE
uint8,uint8,LH6,float32,NAN,NAN,float32,uint8,uint8,uint8,float32,float32,uint8,uint8,float32,float32,float32,float32,float32,float32,uint16,uint16,uint16,uint16,uint16,uint16,FALSE
uint8,uint8,LH7,float32,NAN,NAN,float32,uint8,uint8,uint8,float32,float32,uint8,uint8,float32,float32,float32,float32,float32,float32,uint8,uint8,uint8,uint8,uint8,uint8,FALSE
uint8,uint8,LH7,float32,float32,float32,float32,uint8,uint8,uint8,float32,float32,uint8,uint8,float32,float32,float32,float32,float32,float32,uint8,uint8,uint16,uint8,uint8,uint16,FALSE
uint8,uint8,LH7,float32,float32,float32,float32,uint8,uint8,uint8,float32,float32,uint8,uint8,float32,float32,float32,float32,float32,float32,uint16,uint16,uint16,uint16,uint16,uint16,FALSE
uint8,uint8,LH7,float32,float32,float32,float32,uint8,uint8,uint8,float32,float32,uint8,uint8,float32,float32,float32,float32,float32,float32,uint16,uint16,uint16,uint16,uint16,uint16,TRUE
uint8,uint8,LH7,float32,float32,float32,float32,uint8,uint8,uint8,float32,float32,uint8,uint8,float32,float32,float32,float32,float32,float32,uint16,uint16,uint16,uint16,uint16,uint16,TRUE
uint8,uint8,LH7,float32,float32,float32,float32,uint8,uint8,uint8,float32,float32,uint8,uint8,float32,float32,float32,float32,float32,float32,uint16,uint16,uint16,uint16,uint16,uint16,TRUE
uint8,uint8,LH7,float32,float32,float32,float32,uint8,uint8,uint8,float32,float32,uint8,uint8,float32,float32,float32,float32,float32,float32,uint16,uint16,uint16,uint16,uint16,uint16,TRUE
uint8,uint8,LH7,uint8,float32,float32,float32,uint8,uint8,uint8,float32,float32,uint8,uint8,float32,float32,float32,float32,float32,float32,uint16,uint16,uint16,uint16,uint16,uint16,TRUE
uint8,uint8,LH7,float32,float32,float32,float32,uint8,uint8,uint8,float32,float32,uint8,uint8,float32,float32,float32,float32,float32,float32,uint16,uint16,uint16,uint16,uint16,uint16,TRUE
uint8,uint8,LH7,float32,float32,float32,float32,uint8,uint8,uint8,float32,float32,uint8,uint8,float32,float32,float32,float32,float32,float32,uint16,uint16,uint16,uint16,uint16,uint16,TRUE
uint8,uint8,LH7,float32,NAN,NAN,uint8,uint8,uint8,uint8,float32,float32,uint8,uint8,float32,float32,float32,float32,float32,float32,uint16,uint16,uint16,uint16,uint16,uint16,FALSE
uint8,uint8,LH8,float32,NAN,NAN,float32,uint8,uint8,uint8,float32,float32,uint8,uint8,float32,float32,float32,float32,float32,float32,uint8,uint8,uint16,uint8,uint8,uint16,FALSE
uint8,uint8,LH8,float32,float32,float32,float32,uint8,uint8,uint8,float32,float32,uint8,uint8,float32,float32,float32,float32,float32,float32,uint16,uint16,uint16,uint16,uint16,uint16,FALSE
uint8,uint8,LH8,uint8,float32,float32,float32,uint8,uint8,uint8,float32,float32,uint8,uint8,float32,float32,float32,float32,float32,float32,uint16,uint16,uint16,uint16,uint16,uint16,FALSE
uint8,uint8,LH8,float32,float32,float32,float32,uint8,uint8,uint8,float32,float32,uint8,uint8,float32,float32,float32,float32,float32,float32,uint16,uint16,uint16,uint16,uint16,uint16,FALSE
uint8,uint8,LH8,float32,float32,float32,float32,uint8,uint8,uint8,float32,float32,uint8,uint8,float32,float32,float32,float32,float32,float32,uint16,uint16,uint16,uint16,uint16,uint16,FALSE
uint8,uint8,LH8,float32,float32,float32,float32,uint8,uint8,uint8,float32,float32,uint8,uint8,float32,float32,float32,float32,float32,float32,uint16,uint16,uint16,uint16,uint16,uint16,FALSE
uint8,uint8,LH8,float32,float32,float32,float32,uint8,uint8,uint8,float32,float32,uint8,uint8,float32,float32,float32,float32,float32,float32,uint16,uint16,uint16,uint16,uint16,uint16,TRUE
uint8,uint8,LH8,float32,float32,float32,float32,uint8,uint8,uint8,float32,float32,uint8,uint8,float32,float32,float32,float32,float32,float32,uint16,uint16,uint16,uint16,uint16,uint16,TRUE
uint8,uint8,LH8,float32,float32,float32,float32,uint8,uint8,uint8,float32,float32,uint8,uint8,float32,float32,float32,float32,float32,float32,uint16,uint16,uint16,uint16,uint16,uint16,TRUE
uint8,uint8,LH8,float32,NAN,NAN,float32,uint8,uint8,uint8,float32,float32,uint8,uint8,float32,float32,float32,float32,float32,float32,uint16,uint16,uint16,uint16,uint16,uint16,FALSE
uint8,uint8,RH1,float32,NAN,NAN,float32,uint8,uint8,uint8,float32,float32,uint8,uint8,float32,float32,float32,float32,float32,float32,uint8,uint8,uint8,uint8,uint8,uint8,FALSE
uint8,uint8,RH1,float32,float32,float32,float32,uint8,uint8,uint8,float32,float32,uint8,uint8,float32,float32,float32,float32,float32,float32,uint16,uint8,uint16,uint8,uint8,uint16,FALSE
uint8,uint8,RH1,float32,float32,float32,float32,uint8,uint8,uint8,float32,float32,uint8,uint8,float32,float32,float32,float32,float32,float32,uint16,uint16,uint16,uint16,uint16,uint16,FALSE
uint8,uint8,RH1,float32,float32,float32,float32,uint8,uint8,uint8,float32,float32,uint8,uint8,float32,float32,float32,float32,float32,float32,uint16,uint16,uint16,uint16,uint16,uint16,TRUE
uint8,uint8,RH1,float32,float32,float32,float32,uint8,uint8,uint8,float32,float32,uint8,uint8,float32,float32,float32,float32,float32,float32,uint16,uint16,uint16,uint16,uint16,uint16,TRUE
uint8,uint8,RH1,float32,float32,float32,float32,uint8,uint8,uint8,float32,float32,uint8,uint8,float32,float32,float32,float32,float32,float32,uint16,uint16,uint16,uint16,uint16,uint16,TRUE
uint8,uint8,RH1,float32,float32,float32,float32,uint8,uint8,uint8,float32,float32,uint8,uint8,float32,float32,float32,float32,float32,float32,uint16,uint16,uint16,uint16,uint16,uint16,TRUE
uint8,uint8,RH1,float32,float32,float32,float32,uint8,uint8,uint8,float32,float32,uint8,uint8,float32,float32,float32,float32,float32,float32,uint16,uint16,uint16,uint16,uint16,uint16,FALSE
uint8,uint8,RH1,float32,float32,float32,float32,uint8,uint8,uint8,float32,float32,uint8,uint8,float32,float32,float32,float32,float32,float32,uint16,uint16,uint16,uint16,uint16,uint16,TRUE
uint8,uint8,RH1,uint8,float32,float32,float32,uint8,uint8,uint8,float32,float32,uint8,uint8,float32,float32,float32,float32,float32,float32,uint16,uint16,uint16,uint16,uint16,uint16,TRUE
uint8,uint8,RH1,float32,float32,float32,float32,uint8,uint8,uint8,float32,float32,uint8,uint8,float32,float32,float32,float32,float32,float32,uint16,uint16,uint16,uint16,uint16,uint16,TRUE
uint8,uint8,RH1,float32,float32,float32,float32,uint8,uint8,uint8,float32,float32,uint8,uint8,float32,float32,float32,float32,float32,float32,uint16,uint16,uint16,uint16,uint16,uint16,TRUE
uint8,uint8,RH1,float32,float32,float32,float32,uint8,uint8,uint8,float32,float32,uint8,uint8,float32,float32,float32,float32,float32,float32,uint16,uint16,uint16,uint16,uint16,uint16,TRUE
uint8,uint8,RH1,float32,NAN,NAN,float32,uint8,uint8,uint8,float32,float32,uint8,uint8,float32,float32,float32,float32,float32,float32,uint16,uint16,uint16,uint16,uint16,uint16,FALSE
uint8,uint8,RH2,float32,NAN,NAN,float32,uint8,uint8,uint8,float32,float32,uint8,uint8,float32,float32,float32,float32,float32,float32,uint8,uint8,uint8,uint8,uint8,uint8,FALSE
uint8,uint8,RH2,float32,float32,float32,float32,uint8,uint8,uint8,float32,float32,uint8,uint8,float32,float32,float32,float32,float32,float32,uint8,uint8,uint8,uint8,uint8,uint8,FALSE
uint8,uint8,RH2,float32,float32,float32,float32,uint8,uint8,uint8,float32,float32,uint8,uint8,float32,float32,float32,float32,float32,float32,uint16,uint8,uint16,uint16,uint8,uint16,TRUE
uint8,uint8,RH2,float32,float32,float32,float32,uint8,uint8,uint8,float32,float32,uint8,uint8,float32,float32,float32,float32,float32,float32,uint16,uint16,uint16,uint16,uint16,uint16,TRUE
uint8,uint8,RH2,float32,float32,float32,float32,uint8,uint8,uint8,float32,float32,uint8,uint8,float32,float32,float32,float32,float32,float32,uint16,uint16,uint16,uint16,uint16,uint16,TRUE
uint8,uint8,RH2,float32,float32,float32,float32,uint8,uint8,uint8,float32,float32,uint8,uint8,float32,float32,float32,float32,float32,float32,uint16,uint16,uint16,uint16,uint16,uint16,TRUE
uint8,uint8,RH2,float32,float32,float32,float32,uint8,uint8,uint8,float32,float32,uint8,uint8,float32,float32,float32,float32,float32,float32,uint16,uint16,uint16,uint16,uint16,uint16,TRUE
uint8,uint8,RH2,float32,float32,float32,uint8,uint8,uint8,uint8,float32,float32,uint8,uint8,float32,float32,float32,float32,float32,float32,uint16,uint16,uint16,uint16,uint16,uint16,TRUE
uint8,uint8,RH2,float32,float32,float32,float32,uint8,uint8,uint8,float32,float32,uint8,uint8,float32,float32,float32,float32,float32,float32,uint16,uint16,uint16,uint16,uint16,uint16,TRUE
uint8,uint8,RH2,float32,float32,float32,float32,uint8,uint8,uint8,float32,float32,uint8,uint8,float32,float32,float32,float32,float32,float32,uint16,uint16,uint16,uint16,uint16,uint16,TRUE
uint8,uint8,RH2,float32,float32,float32,float32,uint8,uint8,uint8,float32,float32,uint8,uint8,float32,float32,float32,float32,float32,float32,uint16,uint16,uint16,uint16,uint16,uint16,TRUE
uint8,uint8,RH2,uint8,float32,float32,float32,uint8,uint8,uint8,float32,float32,uint8,uint8,float32,float32,float32,float32,float32,float32,uint16,uint16,uint16,uint16,uint16,uint16,TRUE
uint8,uint8,RH2,float32,float32,float32,float32,uint8,uint8,uint8,float32,float32,uint8,uint8,float32,float32,float32,float32,float32,float32,uint16,uint16,uint16,uint16,uint16,uint16,FALSE
uint8,uint8,RH2,float32,float32,float32,float32,uint8,uint8,uint8,float32,float32,uint8,uint8,float32,float32,float32,float32,float32,float32,uint16,uint16,uint16,uint16,uint16,uint16,FALSE
uint8,uint8,RH2,float32,NAN,NAN,float32,uint8,uint8,uint8,float32,float32,uint8,uint8,float32,float32,float32,float32,float32,float32,uint16,uint16,uint16,uint16,uint16,uint16,FALSE
uint8,uint8,RH3,float32,NAN,NAN,float32,uint8,uint8,uint8,float32,float32,uint8,uint8,float32,float32,float32,float32,float32,float32,uint8,uint8,uint8,uint8,uint8,uint8,FALSE
uint8,uint8,RH3,float32,float32,float32,float32,uint8,uint8,uint8,float32,float32,uint8,uint8,float32,float32,float32,float32,float32,float32,uint8,uint8,uint16,uint8,uint8,uint16,FALSE
uint8,uint8,RH3,float32,float32,float32,float32,uint8,uint8,uint8,float32,float32,uint8,uint8,float32,float32,float32,float32,float32,float32,uint16,uint16,uint16,uint16,uint16,uint16,TRUE
uint8,uint8,RH3,float32,float32,float32,float32,uint8,uint8,uint8,float32,float32,uint8,uint8,float32,float32,float32,float32,float32,float32,uint16,uint16,uint16,uint16,uint16,uint16,TRUE
uint8,uint8,RH3,uint8,float32,float32,float32,uint8,uint8,uint8,float32,float32,uint8,uint8,float32,float32,float32,float32,float32,float32,uint16,uint16,uint16,uint16,uint16,uint16,TRUE
uint8,uint8,RH3,float32,float32,float32,float32,uint8,uint8,uint8,float32,float32,uint8,uint8,float32,float32,float32,float32,float32,float32,uint16,uint16,uint16,uint16,uint16,uint16,FALSE
uint8,uint8,RH3,float32,float32,float32,float32,uint8,uint8,uint8,float32,float32,uint8,uint8,float32,float32,float32,float32,float32,float32,uint16,uint16,uint16,uint16,uint16,uint16,FALSE
uint8,uint8,RH3,float32,float32,float32,float32,uint8,uint8,uint8,float32,float32,uint8,uint8,float32,float32,float32,float32,float32,float32,uint16,uint16,uint16,uint16,uint16,uint16,FALSE
uint8,uint8,RH3,float32,float32,float32,float32,uint8,uint8,uint8,float32,float32,uint8,uint8,float32,float32,float32,float32,float32,float32,uint16,uint16,uint16,uint16,uint16,uint16,TRUE
uint8,uint8,RH3,float32,float32,float32,float32,uint8,uint8,uint8,float32,float32,uint8,uint8,float32,float32,float32,float32,float32,float32,uint16,uint16,uint16,uint16,uint16,uint16,TRUE
uint8,uint8,RH3,float32,float32,float32,float32,uint8,uint8,uint8,float32,float32,uint8,uint8,float32,float32,float32,float32,float32,float32,uint16,uint16,uint16,uint16,uint16,uint16,TRUE
uint8,uint8,RH3,float32,NAN,NAN,float32,uint8,uint8,uint8,float32,float32,uint8,uint8,float32,float32,float32,float32,float32,float32,uint16,uint16,uint16,uint16,uint16,uint16,FALSE
uint8,uint8,RH4,float32,NAN,NAN,float32,uint8,uint8,uint8,float32,float32,uint8,uint8,float32,float32,float32,float32,float32,float32,uint8,uint8,uint8,uint8,uint8,uint8,FALSE
uint8,uint8,RH4,float32,float32,float32,float32,uint8,uint8,uint8,float32,float32,uint8,uint8,float32,float32,float32,float32,float32,float32,uint8,uint8,uint8,uint8,uint8,uint8,TRUE
uint8,uint8,RH4,float32,float32,float32,float32,uint8,uint8,uint8,float32,float32,uint8,uint8,float32,float32,float32,float32,float32,float32,uint16,uint8,uint16,uint16,uint8,uint16,TRUE
uint8,uint8,RH4,float32,float32,float32,float32,uint8,uint8,uint8,float32,float32,uint8,uint8,float32,float32,float32,float32,float32,float32,uint16,uint16,uint16,uint16,uint16,uint16,TRUE
uint8,uint8,RH4,float32,float32,float32,float32,uint8,uint8,uint8,float32,float32,uint8,uint8,float32,float32,float32,float32,float32,float32,uint16,uint16,uint16,uint16,uint16,uint16,FALSE
uint8,uint8,RH4,float32,float32,float32,float32,uint8,uint8,uint8,float32,float32,uint8,uint8,float32,float32,float32,float32,float32,float32,uint16,uint16,uint16,uint16,uint16,uint16,TRUE
uint8,uint8,RH4,float32,float32,float32,float32,uint8,uint8,uint8,float32,float32,uint8,uint8,float32,float32,float32,float32,float32,float32,uint16,uint16,uint16,uint16,uint16,uint16,TRUE
uint8,uint8,RH4,float32,float32,float32,float32,uint8,uint8,uint8,float32,float32,uint8,uint8,float32,float32,float32,float32,float32,float32,uint16,uint16,uint16,uint16,uint16,uint16,TRUE
uint8,uint8,RH4,float32,float32,float32,float32,uint8,uint8,uint8,float32,float32,uint8,uint8,float32,float32,float32,float32,float32,float32,uint16,uint16,uint16,uint16,uint16,uint16,TRUE
uint8,uint8,RH4,float32,float32,float32,float32,uint8,uint8,uint8,float32,float32,uint8,uint8,float32,float32,float32,float32,float32,float32,uint16,uint16,uint16,uint16,uint16,uint16,TRUE
uint8,uint8,RH4,float32,float32,float32,float32,uint8,uint8,uint8,float32,float32,uint8,uint8,float32,float32,float32,float32,float32,float32,uint16,uint16,uint16,uint16,uint16,uint16,TRUE
uint8,uint8,RH4,float32,float32,float32,float32,uint8,uint8,uint8,float32,float32,uint8,uint8,float32,float32,float32,float32,float32,float32,uint16,uint16,uint16,uint16,uint16,uint16,TRUE
uint8,uint8,RH4,uint8,NAN,NAN,float32,uint8,uint8,uint8,float32,float32,uint8,uint8,float32,float32,float32,float32,float32,float32,uint16,uint16,uint16,uint16,uint16,uint16,FALSE
uint8,uint8,RH5,float32,NAN,NAN,float32,uint8,uint8,uint8,float32,float32,uint8,uint8,float32,float32,float32,float32,float32,float32,uint8,uint8,uint8,uint8,uint8,uint8,FALSE
uint8,uint8,RH5,float32,float32,float32,float32,uint8,uint8,uint8,float32,float32,uint8,uint8,float32,float32,float32,float32,float32,float32,uint8,uint8,uint8,uint8,uint8,uint8,TRUE
uint8,uint8,RH5,float32,float32,float32,float32,uint8,uint8,uint8,float32,float32,uint8,uint8,float32,float32,float32,float32,float32,float32,uint16,uint8,uint16,uint8,uint8,uint16,TRUE
uint8,uint8,RH5,float32,float32,float32,float32,uint8,uint8,uint8,float32,float32,uint8,uint8,float32,float32,float32,float32,float32,float32,uint16,uint16,uint16,uint16,uint16,uint16,TRUE
uint8,uint8,RH5,float32,float32,float32,float32,uint8,uint8,uint8,float32,float32,uint8,uint8,float32,float32,float32,float32,float32,float32,uint16,uint16,uint16,uint16,uint16,uint16,TRUE
uint8,uint8,RH5,float32,float32,float32,float32,uint8,uint8,uint8,float32,float32,uint8,uint8,float32,float32,float32,float32,float32,float32,uint16,uint16,uint16,uint16,uint16,uint16,TRUE
uint8,uint8,RH5,float32,float32,float32,float32,uint8,uint8,uint8,float32,float32,uint8,uint8,float32,float32,float32,float32,float32,float32,uint16,uint16,uint16,uint16,uint16,uint16,TRUE
uint8,uint8,RH5,float32,float32,float32,float32,uint8,uint8,uint8,float32,float32,uint8,uint8,float32,float32,float32,float32,float32,float32,uint16,uint16,uint16,uint16,uint16,uint16,TRUE
uint8,uint8,RH5,float32,float32,float32,float32,uint8,uint8,uint8,float32,float32,uint8,uint8,float32,float32,float32,float32,float32,float32,uint16,uint16,uint16,uint16,uint16,uint16,TRUE
uint8,uint8,RH5,float32,float32,float32,float32,uint8,uint8,uint8,float32,float32,uint8,uint8,float32,float32,float32,float32,float32,float32,uint16,uint16,uint16,uint16,uint16,uint16,TRUE
uint8,uint8,RH5,float32,float32,float32,float32,uint8,uint8,uint8,float32,float32,uint8,uint8,float32,float32,float32,float32,float32,float32,uint16,uint16,uint16,uint16,uint16,uint16,FALSE
uint8,uint8,RH5,float32,float32,float32,float32,uint8,uint8,uint8,float32,float32,uint8,uint8,float32,float32,float32,float32,float32,float32,uint16,uint16,uint16,uint16,uint16,uint16,FALSE
uint8,uint8,RH5,uint8,float32,float32,float32,uint8,uint8,uint8,float32,float32,uint8,uint8,float32,float32,float32,float32,float32,float32,uint16,uint16,uint16,uint16,uint16,uint16,FALSE
uint8,uint8,RH5,float32,NAN,NAN,float32,uint8,uint8,uint8,float32,float32,uint8,uint8,float32,float32,float32,float32,float32,float32,uint16,uint16,uint16,uint16,uint16,uint16,FALSE
uint8,uint8,RH6,float32,NAN,NAN,float32,uint8,uint8,uint8,float32,float32,uint8,uint8,float32,float32,float32,float32,float32,float32,uint8,uint8,uint8,uint8,uint8,uint8,FALSE
uint8,uint8,RH6,float32,float32,float32,float32,uint8,uint8,uint8,float32,float32,uint8,uint8,float32,float32,float32,float32,float32,float32,uint8,uint8,uint8,uint8,uint8,uint8,TRUE
uint8,uint8,RH6,float32,float32,float32,float32,uint8,uint8,uint8,float32,float32,uint8,uint8,float32,float32,float32,float32,float32,float32,uint8,uint8,uint8,uint8,uint8,uint16,TRUE
uint8,uint8,RH6,float32,float32,float32,float32,uint8,uint8,uint8,float32,float32,uint8,uint8,float32,float32,float32,float32,float32,float32,uint16,uint8,uint16,uint16,uint16,uint16,TRUE
uint8,uint8,RH6,float32,float32,float32,float32,uint8,uint8,uint8,float32,float32,uint8,uint8,float32,float32,float32,float32,float32,float32,uint16,uint16,uint16,uint16,uint16,uint16,TRUE
uint8,uint8,RH6,float32,float32,float32,float32,uint8,uint8,uint8,float32,float32,uint8,uint8,float32,float32,float32,float32,float32,float32,uint16,uint16,uint16,uint16,uint16,uint16,TRUE
uint8,uint8,RH6,uint8,float32,float32,float32,uint8,uint8,uint8,float32,float32,uint8,uint8,float32,float32,float32,float32,float32,float32,uint16,uint16,uint16,uint16,uint16,uint16,TRUE
uint8,uint8,RH6,float32,float32,float32,float32,uint8,uint8,uint8,float32,float32,uint8,uint8,float32,float32,float32,float32,float32,float32,uint16,uint16,uint16,uint16,uint16,uint16,FALSE
uint8,uint8,RH6,float32,uint8,float32,float32,uint8,uint8,uint8,float32,float32,uint8,uint8,float32,float32,float32,float32,float32,float32,uint16,uint16,uint16,uint16,uint16,uint16,FALSE
uint8,uint8,RH6,float32,uint8,float32,float32,uint8,uint8,uint8,float32,float32,uint8,uint8,float32,float32,float32,float32,float32,float32,uint16,uint16,uint16,uint16,uint16,uint16,FALSE
uint8,uint8,RH6,float32,float32,float32,float32,uint8,uint8,uint8,float32,float32,uint8,uint8,float32,float32,float32,float32,float32,float32,uint16,uint16,uint16,uint16,uint16,uint16,TRUE
uint8,uint8,RH6,float32,float32,float32,float32,uint8,uint8,uint8,float32,float32,uint8,uint8,float32,float32,float32,float32,float32,float32,uint16,uint16,uint16,uint16,uint16,uint16,TRUE
uint8,uint8,RH6,float32,float32,float32,float32,uint8,uint8,uint8,float32,float32,uint8,uint8,float32,float32,float32,float32,float32,float32,uint16,uint16,uint16,uint16,uint16,uint16,TRUE
uint8,uint8,RH6,float32,float32,float32,uint8,uint8,uint8,uint8,float32,float32,uint8,uint8,float32,float32,float32,float32,float32,float32,uint16,uint16,uint16,uint16,uint16,uint16,TRUE
uint8,uint8,RH6,float32,float32,float32,float32,uint8,uint8,uint8,float32,float32,uint8,uint8,float32,float32,float32,float32,float32,float32,uint16,uint16,uint16,uint16,uint16,uint16,TRUE
uint8,uint8,RH6,float32,NAN,NAN,float32,uint8,uint8,uint8,float32,float32,uint8,uint8,float32,float32,float32,float32,float32,float32,uint16,uint16,uint16,uint16,uint16,uint16,FALSE
uint8,uint8,RH7,float32,NAN,NAN,float32,uint8,uint8,uint8,float32,float32,uint8,uint8,float32,float32,float32,float32,float32,float32,uint8,uint8,uint8,uint8,uint8,uint8,FALSE
uint8,uint8,RH7,float32,float32,float32,uint8,uint8,uint8,uint8,float32,float32,uint8,uint8,float32,float32,float32,float32,float32,float32,uint8,uint8,uint8,uint8,uint8,uint16,FALSE
uint8,uint8,RH7,float32,float32,float32,float32,uint8,uint8,uint8,float32,float32,uint8,uint8,float32,float32,float32,float32,float32,float32,uint16,uint8,uint16,uint16,uint16,uint16,FALSE
uint8,uint8,RH7,uint8,float32,float32,float32,uint8,uint8,uint8,float32,float32,uint8,uint8,float32,float32,float32,float32,float32,float32,uint16,uint16,uint16,uint16,uint16,uint16,FALSE
uint8,uint8,RH7,float32,float32,float32,float32,uint8,uint8,uint8,float32,float32,uint8,uint8,float32,float32,float32,float32,float32,float32,uint16,uint16,uint16,uint16,uint16,uint16,FALSE
uint8,uint8,RH7,float32,float32,float32,uint8,uint8,uint8,uint8,float32,float32,uint8,uint8,float32,float32,float32,float32,float32,float32,uint16,uint16,uint16,uint16,uint16,uint16,FALSE
uint8,uint8,RH7,float32,float32,float32,float32,uint8,uint8,uint8,float32,float32,uint8,uint8,float32,float32,float32,float32,float32,float32,uint16,uint16,uint16,uint16,uint16,uint16,FALSE
uint8,uint8,RH7,float32,float32,float32,uint8,uint8,uint8,uint8,float32,float32,uint8,uint8,float32,float32,float32,float32,float32,float32,uint16,uint16,uint16,uint16,uint16,uint16,FALSE
uint8,uint8,RH7,float32,float32,float32,float32,uint8,uint8,uint8,float32,float32,uint8,uint8,float32,float32,float32,float32,float32,float32,uint16,uint16,uint16,uint16,uint16,uint16,FALSE
uint8,uint8,RH7,float32,float32,float32,float32,uint8,uint8,uint8,float32,float32,uint8,uint8,float32,float32,float32,float32,float32,float32,uint16,uint16,uint16,uint16,uint16,uint16,TRUE
uint8,uint8,RH7,float32,float32,float32,float32,uint8,uint8,uint8,float32,float32,uint8,uint8,float32,float32,float32,float32,float32,float32,uint16,uint16,uint16,uint16,uint16,uint16,TRUE
uint8,uint8,RH7,float32,float32,float32,float32,uint8,uint8,uint8,float32,float32,uint8,uint8,float32,float32,float32,float32,float32,float32,uint16,uint16,uint16,uint16,uint16,uint16,TRUE
uint8,uint8,RH7,float32,float32,float32,float32,uint8,uint8,uint8,float32,float32,uint8,uint8,float32,float32,float32,float32,float32,float32,uint16,uint16,uint16,uint16,uint16,uint16,TRUE
uint8,uint8,RH7,float32,float32,float32,float32,uint8,uint8,uint8,float32,float32,uint8,uint8,float32,float32,float32,float32,float32,float32,uint16,uint16,uint16,uint16,uint16,uint16,TRUE
uint8,uint8,RH7,float32,NAN,NAN,float32,uint8,uint8,uint8,float32,float32,uint8,uint8,float32,float32,float32,float32,float32,float32,uint16,uint16,uint16,uint16,uint16,uint16,FALSE
uint8,uint8,RH8,float32,NAN,NAN,float32,uint8,uint8,uint8,float32,float32,uint8,uint8,float32,float32,float32,float32,float32,float32,uint8,uint8,uint8,uint8,uint8,uint8,FALSE
uint8,uint8,RH8,float32,float32,float32,float32,uint8,uint8,uint8,float32,float32,uint8,uint8,float32,float32,float32,float32,float32,float32,uint8,uint8,uint8,uint8,uint8,uint16,FALSE
uint8,uint8,RH8,float32,float32,float32,float32,uint8,uint8,uint8,float32,float32,uint8,uint8,float32,float32,float32,float32,float32,float32,uint16,uint8,uint16,uint16,uint16,uint16,FALSE
uint8,uint8,RH8,float32,float32,float32,float32,uint8,uint8,uint8,float32,float32,uint8,uint8,float32,float32,float32,float32,float32,float32,uint16,uint16,uint16,uint16,uint16,uint16,FALSE
uint8,uint8,RH8,float32,float32,float32,uint8,uint8,uint8,uint8,float32,float32,uint8,uint8,float32,float32,float32,float32,float32,float32,uint16,uint16,uint16,uint16,uint16,uint16,TRUE
uint8,uint8,RH8,float32,float32,float32,float32,uint8,uint8,uint8,float32,float32,uint8,uint8,float32,float32,float32,float32,float32,float32,uint16,uint16,uint16,uint16,uint16,uint16,TRUE
uint8,uint8,RH8,float32,float32,float32,float32,uint8,uint8,uint8,float32,float32,uint8,uint8,float32,float32,float32,float32,float32,float32,uint16,uint16,uint16,uint16,uint16,uint16,TRUE
uint8,uint8,RH8,float32,float32,float32,float32,uint8,uint8,uint8,float32,float32,uint8,uint8,float32,float32,float32,float32,float32,float32,uint16,uint16,uint16,uint16,uint16,uint16,TRUE
uint8,uint8,RH8,float32,float32,float32,float32,uint8,uint8,uint8,float32,float32,uint8,uint8,float32,float32,float32,float32,float32,float32,uint16,uint16,uint16,uint16,uint16,uint16,TRUE
uint8,uint8,RH8,uint8,float32,float32,float32,uint8,uint8,uint8,float32,float32,uint8,uint8,float32,float32,float32,float32,float32,float32,uint16,uint16,uint16,uint16,uint16,uint16,TRUE
uint8,uint8,RH8,float32,float32,float32,float32,uint8,uint8,uint8,float32,float32,uint8,uint8,float32,float32,float32,float32,float32,float32,uint16,uint16,uint16,uint16,uint16,uint16,FALSE
uint8,uint8,RH8,float32,float32,float32,float32,uint8,uint8,uint8,float32,float32,uint8,uint8,float32,float32,float32,float32,float32,float32,uint16,uint16,uint16,uint16,uint16,uint16,FALSE
uint8,uint8,RH8,float32,NAN,NAN,float32,uint8,uint8,uint8,float32,float32,uint8,uint8,float32,float32,float32,float32,float32,float32,uint16,uint16,uint16,uint16,uint16,uint16,FALSE
uint8,uint8,LH1,float32,NAN,NAN,float32,uint8,uint8,uint8,float32,float32,uint8,uint8,float32,float32,float32,float32,float32,float32,uint8,uint8,uint8,uint8,uint8,uint8,FALSE
uint8,uint8,LH1,float32,float32,float32,float32,uint8,uint8,uint8,float32,float32,uint8,uint8,float32,float32,float32,float32,float32,float32,uint8,uint8,uint16,uint8,uint8,uint16,FALSE
uint8,uint8,LH1,float32,float32,float32,float32,uint8,uint8,uint8,float32,float32,uint8,uint8,float32,float32,float32,float32,float32,float32,uint16,uint16,uint16,uint16,uint16,uint16,FALSE
uint8,uint8,LH1,float32,float32,float32,float32,uint8,uint8,uint8,float32,float32,uint8,uint8,float32,float32,float32,float32,float32,float32,uint16,uint16,uint16,uint16,uint16,uint16,FALSE
uint8,uint8,LH1,float32,float32,float32,uint8,uint8,uint8,uint8,float32,float32,uint8,uint8,float32,float32,float32,float32,float32,float32,uint16,uint16,uint16,uint16,uint16,uint16,FALSE
uint8,uint8,LH1,float32,float32,float32,float32,uint8,uint8,uint8,float32,float32,uint8,uint8,float32,float32,float32,float32,float32,float32,uint16,uint16,uint16,uint16,uint16,uint16,FALSE
uint8,uint8,LH1,float32,uint8,float32,float32,uint8,uint8,uint8,float32,float32,uint8,uint8,float32,float32,float32,float32,float32,float32,uint16,uint16,uint16,uint16,uint16,uint16,FALSE
uint8,uint8,LH1,float32,uint8,float32,float32,uint8,uint8,uint8,float32,float32,uint8,uint8,float32,float32,float32,float32,float32,float32,uint16,uint16,uint16,uint16,uint16,uint16,FALSE
uint8,uint8,LH1,float32,float32,float32,uint8,uint8,uint8,uint8,float32,float32,uint8,uint8,float32,float32,float32,float32,float32,float32,uint16,uint16,uint16,uint16,uint16,uint16,TRUE
uint8,uint8,LH1,uint8,float32,float32,float32,uint8,uint8,uint8,float32,float32,uint8,uint8,float32,float32,float32,float32,float32,float32,uint16,uint16,uint16,uint16,uint16,uint16,TRUE
uint8,uint8,LH1,float32,float32,float32,float32,uint8,uint8,uint8,float32,float32,uint8,uint8,float32,float32,float32,float32,float32,float32,uint16,uint16,uint16,uint16,uint16,uint16,TRUE
uint8,uint8,LH1,float32,NAN,NAN,uint8,uint8,uint8,uint8,float32,float32,uint8,uint8,float32,float32,float32,float32,float32,float32,uint16,uint16,uint16,uint16,uint16,uint16,FALSE
uint8,uint8,LH2,float32,NAN,NAN,float32,uint8,uint8,uint8,float32,float32,uint8,uint8,float32,float32,float32,float32,float32,float32,uint8,uint8,uint8,uint8,uint8,uint8,FALSE
uint8,uint8,LH2,float32,float32,float32,float32,uint8,uint8,uint8,float32,float32,uint8,uint8,float32,float32,float32,float32,float32,float32,uint8,uint8,uint8,uint8,uint8,uint8,FALSE
uint8,uint8,LH2,float32,float32,float32,float32,uint8,uint8,uint8,float32,float32,uint8,uint8,float32,float32,float32,float32,float32,float32,uint8,uint8,uint8,uint8,uint8,uint8,FALSE
uint8,uint8,LH2,float32,float32,float32,float32,uint8,uint8,uint8,float32,float32,uint8,uint8,float32,float32,float32,float32,float32,float32,uint16,uint8,uint16,uint16,uint8,uint16,FALSE
uint8,uint8,LH2,float32,float32,float32,float32,uint8,uint8,uint8,float32,float32,uint8,uint8,float32,float32,float32,float32,float32,float32,uint16,uint16,uint16,uint16,uint16,uint16,FALSE
uint8,uint8,LH2,float32,float32,float32,float32,uint8,uint8,uint8,float32,float32,uint8,uint8,float32,float32,float32,float32,float32,float32,uint16,uint16,uint16,uint16,uint16,uint16,FALSE
uint8,uint8,LH2,float32,float32,float32,float32,uint8,uint8,uint8,float32,float32,uint8,uint8,float32,float32,float32,float32,float32,float32,uint16,uint16,uint16,uint16,uint16,uint16,FALSE
uint8,uint8,LH2,float32,float32,float32,float32,uint8,uint8,uint8,float32,float32,uint8,uint8,float32,float32,float32,float32,float32,float32,uint16,uint16,uint16,uint16,uint16,uint16,FALSE
uint8,uint8,LH2,uint8,float32,float32,float32,uint8,uint8,uint8,float32,float32,uint8,uint8,float32,float32,float32,float32,float32,float32,uint16,uint16,uint16,uint16,uint16,uint16,TRUE
uint8,uint8,LH2,float32,float32,float32,float32,uint8,uint8,uint8,float32,float32,uint8,uint8,float32,float32,float32,float32,float32,float32,uint16,uint16,uint16,uint16,uint16,uint16,TRUE
uint8,uint8,LH2,float32,float32,float32,uint8,uint8,uint8,uint8,float32,float32,uint8,uint8,float32,float32,float32,float32,float32,float32,uint16,uint16,uint16,uint16,uint16,uint16,TRUE
uint8,uint8,LH2,float32,float32,float32,float32,uint8,uint8,uint8,float32,float32,uint8,uint8,float32,float32,float32,float32,float32,float32,uint16,uint16,uint16,uint16,uint16,uint16,TRUE
uint8,uint8,LH2,float32,float32,float32,float32,uint8,uint8,uint8,float32,float32,uint8,uint8,float32,float32,float32,float32,float32,float32,uint16,uint16,uint16,uint16,uint16,uint16,TRUE
uint8,uint8,LH2,float32,NAN,NAN,float32,uint8,uint8,uint8,float32,float32,uint8,uint8,float32,float32,float32,float32,float32,float32,uint16,uint16,uint16,uint16,uint16,uint16,FALSE
uint8,uint8,LH3,float32,NAN,NAN,float32,uint8,uint8,uint8,float32,float32,uint8,uint8,float32,float32,float32,float32,float32,float32,uint8,uint8,uint8,uint8,uint8,uint8,FALSE
uint8,uint8,LH3,float32,float32,float32,float32,uint8,uint8,uint8,float32,float32,uint8,uint8,float32,float32,float32,float32,float32,float32,uint8,uint8,uint16,uint8,uint8,uint16,FALSE
uint8,uint8,LH3,float32,float32,float32,float32,uint8,uint8,uint8,float32,float32,uint8,uint8,float32,float32,float32,float32,float32,float32,uint16,uint16,uint16,uint16,uint16,uint16,FALSE
uint8,uint8,LH3,uint8,float32,float32,float32,uint8,uint8,uint8,float32,float32,uint8,uint8,float32,float32,float32,float32,float32,float32,uint16,uint16,uint16,uint16,uint16,uint16,FALSE
uint8,uint8,LH3,float32,float32,float32,float32,uint8,uint8,uint8,float32,float32,uint8,uint8,float32,float32,float32,float32,float32,float32,uint16,uint16,uint16,uint16,uint16,uint16,FALSE
uint8,uint8,LH3,float32,float32,float32,float32,uint8,uint8,uint8,float32,float32,uint8,uint8,float32,float32,float32,float32,float32,float32,uint16,uint16,uint16,uint16,uint16,uint16,FALSE
uint8,uint8,LH3,float32,float32,float32,float32,uint8,uint8,uint8,float32,float32,uint8,uint8,float32,float32,float32,float32,float32,float32,uint16,uint16,uint16,uint16,uint16,uint16,FALSE
uint8,uint8,LH3,float32,float32,float32,float32,uint8,uint8,uint8,float32,float32,uint8,uint8,float32,float32,float32,float32,float32,float32,uint16,uint16,uint16,uint16,uint16,uint16,FALSE
uint8,uint8,LH3,float32,float32,float32,float32,uint8,uint8,uint8,float32,float32,uint8,uint8,float32,float32,float32,float32,float32,float32,uint16,uint16,uint16,uint16,uint16,uint16,FALSE
uint8,uint8,LH3,float32,float32,float32,float32,uint8,uint8,uint8,float32,float32,uint8,uint8,float32,float32,float32,float32,float32,float32,uint16,uint16,uint16,uint16,uint16,uint16,FALSE
uint8,uint8,LH3,float32,float32,float32,float32,uint8,uint8,uint8,float32,float32,uint8,uint8,float32,float32,float32,float32,float32,float32,uint16,uint16,uint16,uint16,uint16,uint16,FALSE
uint8,uint8,LH3,float32,float32,float32,uint8,uint8,uint8,uint8,float32,float32,uint8,uint8,float32,float32,float32,float32,float32,float32,uint16,uint16,uint16,uint16,uint16,uint16,FALSE
uint8,uint8,LH3,float32,NAN,NAN,float32,uint8,uint8,uint8,float32,float32,uint8,uint8,float32,float32,float32,float32,float32,float32,uint16,uint16,uint16,uint16,uint16,uint16,FALSE
uint8,uint8,LH4,float32,NAN,NAN,float32,uint8,uint8,uint8,float32,float32,uint8,uint8,float32,float32,float32,float32,float32,float32,uint8,uint8,uint8,uint8,uint8,uint8,FALSE
uint8,uint8,LH4,uint8,float32,float32,float32,uint8,uint8,uint8,float32,float32,uint8,uint8,float32,float32,float32,float32,float32,float32,uint8,uint8,uint8,uint8,uint8,uint16,TRUE
uint8,uint8,LH4,float32,float32,float32,float32,uint8,uint8,uint8,float32,float32,uint8,uint8,float32,float32,float32,float32,float32,float32,uint16,uint8,uint16,uint16,uint16,uint16,TRUE
uint8,uint8,LH4,float32,float32,float32,float32,uint8,uint8,uint8,float32,float32,uint8,uint8,float32,float32,float32,float32,float32,float32,uint16,uint16,uint16,uint16,uint16,uint16,TRUE
uint8,uint8,LH4,float32,float32,float32,float32,uint8,uint8,uint8,float32,float32,uint8,uint8,float32,float32,float32,float32,float32,float32,uint16,uint16,uint16,uint16,uint16,uint16,TRUE
uint8,uint8,LH4,float32,float32,float32,float32,uint8,uint8,uint8,float32,float32,uint8,uint8,float32,float32,float32,float32,float32,float32,uint16,uint16,uint16,uint16,uint16,uint16,TRUE
uint8,uint8,LH4,float32,float32,float32,float32,uint8,uint8,uint8,float32,float32,uint8,uint8,float32,float32,float32,float32,float32,float32,uint16,uint16,uint16,uint16,uint16,uint16,FALSE
uint8,uint8,LH4,float32,float32,float32,float32,uint8,uint8,uint8,float32,float32,uint8,uint8,float32,float32,float32,float32,float32,float32,uint16,uint16,uint16,uint16,uint16,uint16,FALSE
uint8,uint8,LH4,float32,float32,float32,float32,uint8,uint8,uint8,float32,float32,uint8,uint8,float32,float32,float32,float32,float32,float32,uint16,uint16,uint16,uint16,uint16,uint16,FALSE
uint8,uint8,LH4,float32,float32,float32,uint8,uint8,uint8,uint8,float32,float32,uint8,uint8,float32,float32,float32,float32,float32,float32,uint16,uint16,uint16,uint16,uint16,uint16,FALSE
uint8,uint8,LH4,float32,float32,float32,float32,uint8,uint8,uint8,float32,float32,uint8,uint8,float32,float32,float32,float32,float32,float32,uint16,uint16,uint16,uint16,uint16,uint16,FALSE
uint8,uint8,LH4,float32,float32,float32,float32,uint8,uint8,uint8,float32,float32,uint8,uint8,float32,float32,float32,float32,float32,float32,uint16,uint16,uint16,uint16,uint16,uint16,FALSE
uint8,uint8,LH4,float32,float32,float32,float32,uint8,uint8,uint8,float32,float32,uint8,uint8,float32,float32,float32,float32,float32,float32,uint16,uint16,uint16,uint16,uint16,uint16,FALSE
uint8,uint8,LH4,float32,float32,float32,float32,uint8,uint8,uint8,float32,float32,uint8,uint8,float32,float32,float32,float32,float32,float32,uint16,uint16,uint16,uint16,uint16,uint16,FALSE
uint8,uint8,LH4,float32,NAN,NAN,float32,uint8,uint8,uint8,float32,float32,uint8,uint8,float32,float32,float32,float32,float32,float32,uint16,uint16,uint16,uint16,uint16,uint16,FALSE
uint8,uint8,LH5,uint8,NAN,NAN,float32,uint8,uint8,uint8,float32,float32,uint8,uint8,float32,float32,float32,float32,float32,float32,uint8,uint8,uint8,uint8,uint8,uint8,FALSE
uint8,uint8,LH5,float32,float32,float32,float32,uint8,uint8,uint8,float32,float32,uint8,uint8,float32,float32,float32,float32,float32,float32,uint8,uint8,uint16,uint8,uint8,uint16,FALSE
uint8,uint8,LH5,float32,float32,float32,float32,uint8,uint8,uint8,float32,float32,uint8,uint8,float32,float32,float32,float32,float32,float32,uint16,uint16,uint16,uint16,uint16,uint16,FALSE
uint8,uint8,LH5,float32,float32,float32,float32,uint8,uint8,uint8,float32,float32,uint8,uint8,float32,float32,float32,float32,float32,float32,uint16,uint16,uint16,uint16,uint16,uint16,FALSE
uint8,uint8,LH5,float32,float32,float32,float32,uint8,uint8,uint8,float32,float32,uint8,uint8,float32,float32,float32,float32,float32,float32,uint16,uint16,uint16,uint16,uint16,uint16,FALSE
uint8,uint8,LH5,float32,float32,float32,float32,uint8,uint8,uint8,float32,float32,uint8,uint8,float32,float32,float32,float32,float32,float32,uint16,uint16,uint16,uint16,uint16,uint16,FALSE
uint8,uint8,LH5,float32,float32,float32,float32,uint8,uint8,uint8,float32,float32,uint8,uint8,float32,float32,float32,float32,float32,float32,uint16,uint16,uint16,uint16,uint16,uint16,TRUE
uint8,uint8,LH5,float32,float32,float32,float32,uint8,uint8,uint8,float32,float32,uint8,uint8,float32,float32,float32,float32,float32,float32,uint16,uint16,uint16,uint16,uint16,uint16,TRUE
uint8,uint8,LH5,float32,float32,float32,float32,uint8,uint8,uint8,float32,float32,uint8,uint8,float32,float32,float32,float32,float32,float32,uint16,uint16,uint16,uint16,uint16,uint16,TRUE
uint8,uint8,LH5,float32,float32,float32,float32,uint8,uint8,uint8,float32,float32,uint8,uint8,float32,float32,float32,float32,float32,float32,uint16,uint16,uint16,uint16,uint16,uint16,TRUE
uint8,uint8,LH5,float32,float32,float32,float32,uint8,uint8,uint8,float32,float32,uint8,uint8,float32,float32,float32,float32,float32,float32,uint16,uint16,uint16,uint16,uint16,uint16,TRUE
uint8,uint8,LH5,float32,float32,float32,float32,uint8,uint8,uint8,float32,float32,uint8,uint8,float32,float32,float32,float32,float32,float32,uint16,uint16,uint16,uint16,uint16,uint16,TRUE
uint8,uint8,LH5,float32,float32,float32,float32,uint8,uint8,uint8,float32,float32,uint8,uint8,float32,float32,float32,float32,float32,float32,uint16,uint16,uint16,uint16,uint16,uint16,TRUE
uint8,uint8,LH5,float32,NAN,NAN,float32,uint8,uint8,uint8,float32,float32,uint8,uint8,float32,float32,float32,float32,float32,float32,uint16,uint16,uint16,uint16,uint16,uint16,FALSE
uint8,uint8,LH6,float32,NAN,NAN,float32,uint8,uint8,uint8,float32,float32,uint8,uint8,float32,float32,float32,float32,float32,float32,uint8,uint8,uint8,uint8,uint8,uint8,FALSE
uint8,uint8,LH6,float32,float32,float32,float32,uint8,uint8,uint8,float32,float32,uint8,uint8,float32,float32,float32,float32,float32,float32,uint8,uint8,uint8,uint8,uint8,uint8,FALSE
uint8,uint8,LH6,float32,float32,float32,float32,uint8,uint8,uint8,float32,float32,uint8,uint8,float32,float32,float32,float32,float32,float32,uint8,uint8,uint8,uint8,uint8,uint8,TRUE
uint8,uint8,LH6,float32,float32,float32,float32,uint8,uint8,uint8,float32,float32,uint8,uint8,float32,float32,float32,float32,float32,float32,uint16,uint8,uint16,uint16,uint8,uint16,TRUE
uint8,uint8,LH6,float32,float32,float32,float32,uint8,uint8,uint8,float32,float32,uint8,uint8,float32,float32,float32,float32,float32,float32,uint16,uint16,uint16,uint16,uint16,uint16,TRUE
uint8,uint8,LH6,float32,float32,float32,float32,uint8,uint8,uint8,float32,float32,uint8,uint8,float32,float32,float32,float32,float32,float32,uint16,uint16,uint16,uint16,uint16,uint16,TRUE
uint8,uint8,LH6,float32,float32,float32,float32,uint8,uint8,uint8,float32,float32,uint8,uint8,float32,float32,float32,float32,float32,float32,uint16,uint16,uint16,uint16,uint16,uint16,FALSE
uint8,uint8,LH6,float32,float32,float32,float32,uint8,uint8,uint8,float32,float32,uint8,uint8,float32,float32,float32,float32,float32,float32,uint16,uint16,uint16,uint16,uint16,uint16,FALSE
uint8,uint8,LH6,uint8,float32,float32,float32,uint8,uint8,uint8,float32,float32,uint8,uint8,float32,float32,float32,float32,float32,float32,uint16,uint16,uint16,uint16,uint16,uint16,TRUE
uint8,uint8,LH6,float32,float32,float32,float32,uint8,uint8,uint8,float32,float32,uint8,uint8,float32,float32,float32,float32,float32,float32,uint16,uint16,uint16,uint16,uint16,uint16,TRUE
uint8,uint8,LH6,float32,float32,float32,float32,uint8,uint8,uint8,float32,float32,uint8,uint8,float32,float32,float32,float32,float32,float32,uint16,uint16,uint16,uint16,uint16,uint16,TRUE
uint8,uint8,LH6,float32,float32,float32,float32,uint8,uint8,uint8,float32,float32,uint8,uint8,float32,float32,float32,float32,float32,float32,uint16,uint16,uint16,uint16,uint16,uint16,TRUE
uint8,uint8,LH6,float32,float32,float32,float32,uint8,uint8,uint8,float32,float32,uint8,uint8,float32,float32,float32,float32,float32,float32,uint16,uint16,uint16,uint16,uint16,uint16,TRUE
uint8,uint8,LH6,float32,NAN,NAN,float32,uint8,uint8,uint8,float32,float32,uint8,uint8,float32,float32,float32,float32,float32,float32,uint16,uint16,uint16,uint16,uint16,uint16,FALSE
uint8,uint8,LH7,float32,NAN,NAN,float32,uint8,uint8,uint8,float32,float32,uint8,uint8,float32,float32,float32,float32,float32,float32,uint8,uint8,uint8,uint8,uint8,uint8,FALSE
uint8,uint8,LH7,float32,float32,float32,float32,uint8,uint8,uint8,float32,float32,uint8,uint8,float32,float32,float32,float32,float32,float32,uint8,uint8,uint16,uint8,uint8,uint16,FALSE
uint8,uint8,LH7,float32,uint8,float32,float32,uint8,uint8,uint8,float32,float32,uint8,uint8,float32,float32,float32,float32,float32,float32,uint16,uint16,uint16,uint16,uint16,uint16,FALSE
uint8,uint8,LH7,uint8,uint8,float32,float32,uint8,uint8,uint8,float32,float32,uint8,uint8,float32,float32,float32,float32,float32,float32,uint16,uint16,uint16,uint16,uint16,uint16,FALSE
uint8,uint8,LH7,float32,float32,float32,float32,uint8,uint8,uint8,float32,float32,uint8,uint8,float32,float32,float32,float32,float32,float32,uint16,uint16,uint16,uint16,uint16,uint16,FALSE
uint8,uint8,LH7,float32,float32,float32,float32,uint8,uint8,uint8,float32,float32,uint8,uint8,float32,float32,float32,float32,float32,float32,uint16,uint16,uint16,uint16,uint16,uint16,FALSE
uint8,uint8,LH7,float32,float32,float32,float32,uint8,uint8,uint8,float32,float32,uint8,uint8,float32,float32,float32,float32,float32,float32,uint16,uint16,uint16,uint16,uint16,uint16,FALSE
uint8,uint8,LH7,float32,float32,float32,float32,uint8,uint8,uint8,float32,float32,uint8,uint8,float32,float32,float32,float32,float32,float32,uint16,uint16,uint16,uint16,uint16,uint16,FALSE
uint8,uint8,LH7,float32,float32,float32,float32,uint8,uint8,uint8,float32,float32,uint8,uint8,float32,float32,float32,float32,float32,float32,uint16,uint16,uint16,uint16,uint16,uint16,FALSE
uint8,uint8,LH7,float32,float32,float32,uint8,uint8,uint8,uint8,float32,float32,uint8,uint8,float32,float32,float32,float32,float32,float32,uint16,uint16,uint16,uint16,uint16,uint16,FALSE
uint8,uint8,LH7,float32,float32,float32,float32,uint8,uint8,uint8,float32,float32,uint8,uint8,float32,float32,float32,float32,float32,float32,uint16,uint16,uint16,uint16,uint16,uint16,FALSE
uint8,uint8,LH7,float32,float32,float32,float32,uint8,uint8,uint8,float32,float32,uint8,uint8,float32,float32,float32,float32,float32,float32,uint16,uint16,uint16,uint16,uint16,uint16,FALSE
uint8,uint8,LH7,float32,float32,float32,float32,uint8,uint8,uint8,float32,float32,uint8,uint8,float32,float32,float32,float32,float32,float32,uint16,uint16,uint16,uint16,uint16,uint16,FALSE
uint8,uint8,LH7,float32,NAN,NAN,uint8,uint8,uint8,uint8,float32,float32,uint8,uint8,float32,float32,float32,float32,float32,float32,uint16,uint16,uint16,uint16,uint16,uint16,FALSE
uint8,uint8,LH8,float32,NAN,NAN,float32,uint8,uint8,uint8,float32,float32,uint8,uint8,float32,float32,float32,float32,float32,float32,uint8,uint8,uint8,uint8,uint8,uint8,FALSE
uint8,uint8,LH8,float32,uint8,float32,float32,uint8,uint8,uint8,float32,float32,uint8,uint8,float32,float32,float32,float32,float32,float32,uint8,uint8,uint8,uint8,uint8,uint16,FALSE
uint8,uint8,LH8,float32,float32,float32,float32,uint8,uint8,uint8,float32,float32,uint8,uint8,float32,float32,float32,float32,float32,float32,uint16,uint8,uint16,uint16,uint16,uint16,FALSE
uint8,uint8,LH8,uint8,float32,float32,float32,uint8,uint8,uint8,float32,float32,uint8,uint8,float32,float32,float32,float32,float32,float32,uint16,uint16,uint16,uint16,uint16,uint16,FALSE
uint8,uint8,LH8,float32,float32,float32,float32,uint8,uint8,uint8,float32,float32,uint8,uint8,float32,float32,float32,float32,float32,float32,uint16,uint16,uint16,uint16,uint16,uint16,TRUE
uint8,uint8,LH8,float32,float32,float32,float32,uint8,uint8,uint8,float32,float32,uint8,uint8,float32,float32,float32,float32,float32,float32,uint16,uint16,uint16,uint16,uint16,uint16,TRUE
uint8,uint8,LH8,float32,float32,float32,float32,uint8,uint8,uint8,float32,float32,uint8,uint8,float32,float32,float32,float32,float32,float32,uint16,uint16,uint16,uint16,uint16,uint16,TRUE
uint8,uint8,LH8,float32,float32,float32,float32,uint8,uint8,uint8,float32,float32,uint8,uint8,float32,float32,float32,float32,float32,float32,uint16,uint16,uint16,uint16,uint16,uint16,TRUE
uint8,uint8,LH8,float32,float32,float32,float32,uint8,uint8,uint8,float32,float32,uint8,uint8,float32,float32,float32,float32,float32,float32,uint16,uint16,uint16,uint16,uint16,uint16,TRUE
uint8,uint8,LH8,float32,float32,float32,uint8,uint8,uint8,uint8,float32,float32,uint8,uint8,float32,float32,float32,float32,float32,float32,uint16,uint16,uint16,uint16,uint16,uint16,TRUE
uint8,uint8,LH8,float32,float32,float32,float32,uint8,uint8,uint8,float32,float32,uint8,uint8,float32,float32,float32,float32,float32,float32,uint16,uint16,uint16,uint16,uint16,uint16,TRUE
uint8,uint8,LH8,float32,float32,float32,float32,uint8,uint8,uint8,float32,float32,uint8,uint8,float32,float32,float32,float32,float32,float32,uint16,uint16,uint16,uint16,uint16,uint16,TRUE
uint8,uint8,LH8,float32,NAN,NAN,float32,uint8,uint8,uint8,float32,float32,uint8,uint8,float32,float32,float32,float32,float32,float32,uint16,uint16,uint16,uint16,uint16,uint16,FALSE
uint8,uint8,RH1,float32,NAN,NAN,float32,uint8,uint8,uint8,float32,float32,uint8,uint8,float32,float32,float32,float32,float32,float32,uint8,uint8,uint8,uint8,uint8,uint8,FALSE
uint8,uint8,RH1,float32,float32,float32,float32,uint8,uint8,uint8,float32,float32,uint8,uint8,float32,float32,float32,float32,float32,float32,uint8,uint8,uint8,uint8,uint8,uint8,TRUE
uint8,uint8,RH1,float32,float32,float32,float32,uint8,uint8,uint8,float32,float32,uint8,uint8,float32,float32,float32,float32,float32,float32,uint8,uint8,uint8,uint8,uint8,uint8,TRUE
uint8,uint8,RH1,float32,float32,float32,float32,uint8,uint8,uint8,float32,float32,uint8,uint8,float32,float32,float32,float32,float32,float32,uint16,uint8,uint16,uint16,uint8,uint16,TRUE
uint8,uint8,RH1,float32,float32,float32,float32,uint8,uint8,uint8,float32,float32,uint8,uint8,float32,float32,float32,float32,float32,float32,uint16,uint16,uint16,uint16,uint16,uint16,TRUE
uint8,uint8,RH1,float32,float32,float32,float32,uint8,uint8,uint8,float32,float32,uint8,uint8,float32,float32,float32,float32,float32,float32,uint16,uint16,uint16,uint16,uint16,uint16,TRUE
uint8,uint8,RH1,float32,float32,float32,float32,uint8,uint8,uint8,float32,float32,uint8,uint8,float32,float32,float32,float32,float32,float32,uint16,uint16,uint16,uint16,uint16,uint16,FALSE
uint8,uint8,RH1,float32,float32,float32,float32,uint8,uint8,uint8,float32,float32,uint8,uint8,float32,float32,float32,float32,float32,float32,uint16,uint16,uint16,uint16,uint16,uint16,FALSE
uint8,uint8,RH1,float32,float32,float32,float32,uint8,uint8,uint8,float32,float32,uint8,uint8,float32,float32,float32,float32,float32,float32,uint16,uint16,uint16,uint16,uint16,uint16,TRUE
uint8,uint8,RH1,float32,float32,float32,float32,uint8,uint8,uint8,float32,float32,uint8,uint8,float32,float32,float32,float32,float32,float32,uint16,uint16,uint16,uint16,uint16,uint16,TRUE
uint8,uint8,RH1,uint8,float32,float32,float32,uint8,uint8,uint8,float32,float32,uint8,uint8,float32,float32,float32,float32,float32,float32,uint16,uint16,uint16,uint16,uint16,uint16,TRUE
uint8,uint8,RH1,float32,float32,float32,float32,uint8,uint8,uint8,float32,float32,uint8,uint8,float32,float32,float32,float32,float32,float32,uint16,uint16,uint16,uint16,uint16,uint16,TRUE
uint8,uint8,RH1,float32,float32,float32,float32,uint8,uint8,uint8,float32,float32,uint8,uint8,float32,float32,float32,float32,float32,float32,uint16,uint16,uint16,uint16,uint16,uint16,FALSE
uint8,uint8,RH1,float32,float32,float32,float32,uint8,uint8,uint8,float32,float32,uint8,uint8,float32,float32,float32,float32,float32,float32,uint16,uint16,uint16,uint16,uint16,uint16,FALSE
uint8,uint8,RH1,float32,NAN,NAN,float32,uint8,uint8,uint8,float32,float32,uint8,uint8,float32,float32,float32,float32,float32,float32,uint16,uint16,uint16,uint16,uint16,uint16,FALSE
uint8,uint8,RH2,float32,NAN,NAN,float32,uint8,uint8,uint8,float32,float32,uint8,uint8,float32,float32,float32,float32,float32,float32,uint8,uint8,uint8,uint8,uint8,uint8,FALSE
uint8,uint8,RH2,float32,float32,float32,float32,uint8,uint8,uint8,float32,float32,uint8,uint8,float32,float32,float32,float32,float32,float32,uint8,uint8,uint8,uint8,uint8,uint8,FALSE
uint8,uint8,RH2,float32,float32,float32,float32,uint8,uint8,uint8,float32,float32,uint8,uint8,float32,float32,float32,float32,float32,float32,uint8,uint8,uint16,uint8,uint8,uint16,TRUE
uint8,uint8,RH2,float32,float32,float32,float32,uint8,uint8,uint8,float32,float32,uint8,uint8,float32,float32,float32,float32,float32,float32,uint16,uint16,uint16,uint16,uint16,uint16,TRUE
uint8,uint8,RH2,uint8,float32,float32,float32,uint8,uint8,uint8,float32,float32,uint8,uint8,float32,float32,float32,float32,float32,float32,uint16,uint16,uint16,uint16,uint16,uint16,TRUE
uint8,uint8,RH2,float32,float32,float32,float32,uint8,uint8,uint8,float32,float32,uint8,uint8,float32,float32,float32,float32,float32,float32,uint16,uint16,uint16,uint16,uint16,uint16,TRUE
uint8,uint8,RH2,float32,float32,float32,float32,uint8,uint8,uint8,float32,float32,uint8,uint8,float32,float32,float32,float32,float32,float32,uint16,uint16,uint16,uint16,uint16,uint16,TRUE
uint8,uint8,RH2,float32,float32,float32,float32,uint8,uint8,uint8,float32,float32,uint8,uint8,float32,float32,float32,float32,float32,float32,uint16,uint16,uint16,uint16,uint16,uint16,TRUE
uint8,uint8,RH2,float32,float32,float32,float32,uint8,uint8,uint8,float32,float32,uint8,uint8,float32,float32,float32,float32,float32,float32,uint16,uint16,uint16,uint16,uint16,uint16,TRUE
uint8,uint8,RH2,float32,float32,float32,float32,uint8,uint8,uint8,float32,float32,uint8,uint8,float32,float32,float32,float32,float32,float32,uint16,uint16,uint16,uint16,uint16,uint16,FALSE
uint8,uint8,RH2,float32,float32,float32,float32,uint8,uint8,uint8,float32,float32,uint8,uint8,float32,float32,float32,float32,float32,float32,uint16,uint16,uint16,uint16,uint16,uint16,FALSE
uint8,uint8,RH2,float32,float32,float32,float32,uint8,uint8,uint8,float32,float32,uint8,uint8,float32,float32,float32,float32,float32,float32,uint16,uint16,uint16,uint16,uint16,uint16,FALSE
uint8,uint8,RH2,float32,float32,float32,float32,uint8,uint8,uint8,float32,float32,uint8,uint8,float32,float32,float32,float32,float32,float32,uint16,uint16,uint16,uint16,uint16,uint16,FALSE
uint8,uint8,RH2,float32,float32,float32,uint8,uint8,uint8,uint8,float32,float32,uint8,uint8,float32,float32,float32,float32,float32,float32,uint16,uint16,uint16,uint16,uint16,uint16,FALSE
uint8,uint8,RH2,float32,NAN,NAN,float32,uint8,uint8,uint8,float32,float32,uint8,uint8,float32,float32,float32,float32,float32,float32,uint16,uint16,uint16,uint16,uint16,uint16,FALSE
uint8,uint8,RH3,float32,NAN,NAN,float32,uint8,uint8,uint8,float32,float32,uint8,uint8,float32,float32,float32,float32,float32,float32,uint8,uint8,uint8,uint8,uint8,uint8,FALSE
uint8,uint8,RH3,float32,float32,float32,float32,uint8,uint8,uint8,float32,float32,uint8,uint8,float32,float32,float32,float32,float32,float32,uint8,uint8,uint8,uint8,uint8,uint8,FALSE
uint8,uint8,RH3,float32,float32,float32,float32,uint8,uint8,uint8,float32,float32,uint8,uint8,float32,float32,float32,float32,float32,float32,uint8,uint8,uint8,uint8,uint8,uint16,TRUE
uint8,uint8,RH3,float32,float32,float32,float32,uint8,uint8,uint8,float32,float32,uint8,uint8,float32,float32,float32,float32,float32,float32,uint16,uint8,uint16,uint16,uint16,uint16,TRUE
uint8,uint8,RH3,float32,float32,float32,float32,uint8,uint8,uint8,float32,float32,uint8,uint8,float32,float32,float32,float32,float32,float32,uint16,uint16,uint16,uint16,uint16,uint16,TRUE
uint8,uint8,RH3,float32,float32,float32,float32,uint8,uint8,uint8,float32,float32,uint8,uint8,float32,float32,float32,float32,float32,float32,uint16,uint16,uint16,uint16,uint16,uint16,TRUE
uint8,uint8,RH3,float32,float32,float32,float32,uint8,uint8,uint8,float32,float32,uint8,uint8,float32,float32,float32,float32,float32,float32,uint16,uint16,uint16,uint16,uint16,uint16,TRUE
uint8,uint8,RH3,float32,float32,float32,float32,uint8,uint8,uint8,float32,float32,uint8,uint8,float32,float32,float32,float32,float32,float32,uint16,uint16,uint16,uint16,uint16,uint16,TRUE
uint8,uint8,RH3,float32,float32,float32,float32,uint8,uint8,uint8,float32,float32,uint8,uint8,float32,float32,float32,float32,float32,float32,uint16,uint16,uint16,uint16,uint16,uint16,FALSE
uint8,uint8,RH3,float32,float32,float32,float32,uint8,uint8,uint8,float32,float32,uint8,uint8,float32,float32,float32,float32,float32,float32,uint16,uint16,uint16,uint16,uint16,uint16,TRUE
uint8,uint8,RH3,float32,float32,float32,float32,uint8,uint8,uint8,float32,float32,uint8,uint8,float32,float32,float32,float32,float32,float32,uint16,uint16,uint16,uint16,uint16,uint16,TRUE
uint8,uint8,RH3,float32,float32,float32,float32,uint8,uint8,uint8,float32,float32,uint8,uint8,float32,float32,float32,float32,float32,float32,uint16,uint16,uint16,uint16,uint16,uint16,TRUE
uint8,uint8,RH3,float32,float32,float32,float32,uint8,uint8,uint8,float32,float32,uint8,uint8,float32,float32,float32,float32,float32,float32,uint16,uint16,uint16,uint16,uint16,uint16,TRUE
uint8,uint8,RH3,uint8,float32,float32,float32,uint8,uint8,uint8,float32,float32,uint8,uint8,float32,float32,float32,float32,float32,float32,uint16,uint16,uint16,uint16,uint16,uint16,TRUE
uint8,uint8,RH3,float32,NAN,NAN,float32,uint8,uint8,uint8,float32,float32,uint8,uint8,float32,float32,float32,float32,float32,float32,uint16,uint16,uint16,uint16,uint16,uint16,FALSE
uint8,uint8,RH4,float32,NAN,NAN,float32,uint8,uint8,uint8,float32,float32,uint8,uint8,float32,float32,float32,float32,float32,float32,uint8,uint8,uint8,uint8,uint8,uint8,FALSE
uint8,uint8,RH4,float32,float32,float32,float32,uint8,uint8,uint8,float32,float32,uint8,uint8,float32,float32,float32,float32,float32,float32,uint16,uint8,uint16,uint16,uint8,uint16,TRUE
uint8,uint8,RH4,float32,float32,float32,float32,uint8,uint8,uint8,float32,float32,uint8,uint8,float32,float32,float32,float32,float32,float32,uint16,uint16,uint16,uint16,uint16,uint16,TRUE
uint8,uint8,RH4,float32,float32,float32,float32,uint8,uint8,uint8,float32,float32,uint8,uint8,float32,float32,float32,float32,float32,float32,uint16,uint16,uint16,uint16,uint16,uint16,TRUE
uint8,uint8,RH4,float32,float32,float32,float32,uint8,uint8,uint8,float32,float32,uint8,uint8,float32,float32,float32,float32,float32,float32,uint16,uint16,uint16,uint16,uint16,uint16,FALSE
uint8,uint8,RH4,uint8,float32,float32,float32,uint8,uint8,uint8,float32,float32,uint8,uint8,float32,float32,float32,float32,float32,float32,uint16,uint16,uint16,uint16,uint16,uint16,FALSE
uint8,uint8,RH4,float32,float32,float32,float32,uint8,uint8,uint8,float32,float32,uint8,uint8,float32,float32,float32,float32,float32,float32,uint16,uint16,uint16,uint16,uint16,uint16,FALSE
uint8,uint8,RH4,float32,float32,float32,float32,uint8,uint8,uint8,float32,float32,uint8,uint8,float32,float32,float32,float32,float32,float32,uint16,uint16,uint16,uint16,uint16,uint16,FALSE
uint8,uint8,RH4,float32,float32,float32,float32,uint8,uint8,uint8,float32,float32,uint8,uint8,float32,float32,float32,float32,float32,float32,uint16,uint16,uint16,uint16,uint16,uint16,FALSE
uint8,uint8,RH4,float32,float32,float32,float32,uint8,uint8,uint8,float32,float32,uint8,uint8,float32,float32,float32,float32,float32,float32,uint16,uint16,uint16,uint16,uint16,uint16,FALSE
uint8,uint8,RH4,float32,NAN,NAN,float32,uint8,uint8,uint8,float32,float32,uint8,uint8,float32,float32,float32,float32,float32,float32,uint16,uint16,uint16,uint16,uint16,uint16,FALSE
uint8,uint8,RH5,float32,NAN,NAN,float32,uint8,uint8,uint8,float32,float32,uint8,uint8,float32,float32,float32,float32,float32,float32,uint8,uint8,uint8,uint8,uint8,uint8,FALSE
uint8,uint8,RH5,float32,float32,float32,float32,uint8,uint8,uint8,float32,float32,uint8,uint8,float32,float32,float32,float32,float32,float32,uint8,uint8,uint8,uint8,uint8,uint8,FALSE
uint8,uint8,RH5,float32,float32,float32,float32,uint8,uint8,uint8,float32,float32,uint8,uint8,float32,float32,float32,float32,float32,float32,uint8,uint8,uint8,uint8,uint8,uint8,FALSE
uint8,uint8,RH5,float32,float32,float32,float32,uint8,uint8,uint8,float32,float32,uint8,uint8,float32,float32,float32,float32,float32,float32,uint16,uint8,uint16,uint8,uint8,uint16,FALSE
uint8,uint8,RH5,float32,float32,float32,float32,uint8,uint8,uint8,float32,float32,uint8,uint8,float32,float32,float32,float32,float32,float32,uint16,uint16,uint16,uint16,uint16,uint16,TRUE
uint8,uint8,RH5,float32,float32,float32,float32,uint8,uint8,uint8,float32,float32,uint8,uint8,float32,float32,float32,float32,float32,float32,uint16,uint16,uint16,uint16,uint16,uint16,TRUE
uint8,uint8,RH5,uint8,float32,float32,float32,uint8,uint8,uint8,float32,float32,uint8,uint8,float32,float32,float32,float32,float32,float32,uint16,uint16,uint16,uint16,uint16,uint16,TRUE
uint8,uint8,RH5,float32,float32,float32,float32,uint8,uint8,uint8,float32,float32,uint8,uint8,float32,float32,float32,float32,float32,float32,uint16,uint16,uint16,uint16,uint16,uint16,TRUE
uint8,uint8,RH5,float32,float32,float32,float32,uint8,uint8,uint8,float32,float32,uint8,uint8,float32,float32,float32,float32,float32,float32,uint16,uint16,uint16,uint16,uint16,uint16,TRUE
uint8,uint8,RH5,float32,float32,float32,float32,uint8,uint8,uint8,float32,float32,uint8,uint8,float32,float32,float32,float32,float32,float32,uint16,uint16,uint16,uint16,uint16,uint16,FALSE
uint8,uint8,RH5,float32,float32,float32,float32,uint8,uint8,uint8,float32,float32,uint8,uint8,float32,float32,float32,float32,float32,float32,uint16,uint16,uint16,uint16,uint16,uint16,FALSE
uint8,uint8,RH5,float32,float32,float32,float32,uint8,uint8,uint8,float32,float32,uint8,uint8,float32,float32,float32,float32,float32,float32,uint16,uint16,uint16,uint16,uint16,uint16,FALSE
uint8,uint8,RH5,float32,float32,float32,float32,uint8,uint8,uint8,float32,float32,uint8,uint8,float32,float32,float32,float32,float32,float32,uint16,uint16,uint16,uint16,uint16,uint16,FALSE
uint8,uint8,RH5,float32,float32,float32,float32,uint8,uint8,uint8,float32,float32,uint8,uint8,float32,float32,float32,float32,float32,float32,uint16,uint16,uint16,uint16,uint16,uint16,FALSE
uint8,uint8,RH5,float32,NAN,NAN,float32,uint8,uint8,uint8,float32,float32,uint8,uint8,float32,float32,float32,float32,float32,float32,uint16,uint16,uint16,uint16,uint16,uint16,FALSE
uint8,uint8,RH6,float32,NAN,NAN,float32,uint8,uint8,uint8,float32,float32,uint8,uint8,float32,float32,float32,float32,float32,float32,uint8,uint8,uint8,uint8,uint8,uint8,FALSE
uint8,uint8,RH6,float32,float32,float32,float32,uint8,uint8,uint8,float32,float32,uint8,uint8,float32,float32,float32,float32,float32,float32,uint8,uint8,uint8,uint8,uint8,uint8,FALSE
uint8,uint8,RH6,float32,float32,float32,float32,uint8,uint8,uint8,float32,float32,uint8,uint8,float32,float32,float32,float32,float32,float32,uint8,uint8,uint8,uint8,uint8,uint8,FALSE
uint8,uint8,RH6,float32,float32,float32,float32,uint8,uint8,uint8,float32,float32,uint8,uint8,float32,float32,float32,float32,float32,float32,uint16,uint8,uint16,uint16,uint8,uint16,FALSE
uint8,uint8,RH6,float32,float32,float32,float32,uint8,uint8,uint8,float32,float32,uint8,uint8,float32,float32,float32,float32,float32,float32,uint16,uint16,uint16,uint16,uint16,uint16,FALSE
uint8,uint8,RH6,float32,float32,float32,float32,uint8,uint8,uint8,float32,float32,uint8,uint8,float32,float32,float32,float32,float32,float32,uint16,uint16,uint16,uint16,uint16,uint16,TRUE
uint8,uint8,RH6,float32,float32,float32,float32,uint8,uint8,uint8,float32,float32,uint8,uint8,float32,float32,float32,float32,float32,float32,uint16,uint16,uint16,uint16,uint16,uint16,TRUE
uint8,uint8,RH6,float32,float32,float32,float32,uint8,uint8,uint8,float32,float32,uint8,uint8,float32,float32,float32,float32,float32,float32,uint16,uint16,uint16,uint16,uint16,uint16,TRUE
uint8,uint8,RH6,float32,float32,float32,float32,uint8,uint8,uint8,float32,float32,uint8,uint8,float32,float32,float32,float32,float32,float32,uint16,uint16,uint16,uint16,uint16,uint16,TRUE
uint8,uint8,RH6,float32,float32,float32,float32,uint8,uint8,uint8,float32,float32,uint8,uint8,float32,float32,float32,float32,float32,float32,uint16,uint16,uint16,uint16,uint16,uint16,FALSE
uint8,uint8,RH6,uint8,float32,float32,float32,uint8,uint8,uint8,float32,float32,uint8,uint8,float32,float32,float32,float32,float32,float32,uint16,uint16,uint16,uint16,uint16,uint16,TRUE
uint8,uint8,RH6,float32,float32,float32,float32,uint8,uint8,uint8,float32,float32,uint8,uint8,float32,float32,float32,float32,float32,float32,uint16,uint16,uint16,uint16,uint16,uint16,TRUE
uint8,uint8,RH6,float32,float32,float32,float32,uint8,uint8,uint8,float32,float32,uint8,uint8,float32,float32,float32,float32,float32,float32,uint16,uint16,uint16,uint16,uint16,uint16,TRUE
uint8,uint8,RH6,float32,float32,float32,float32,uint8,uint8,uint8,float32,float32,uint8,uint8,float32,float32,float32,float32,float32,float32,uint16,uint16,uint16,uint16,uint16,uint16,TRUE
uint8,uint8,RH6,float32,NAN,NAN,float32,uint8,uint8,uint8,float32,float32,uint8,uint8,float32,float32,float32,float32,float32,float32,uint16,uint16,uint16,uint16,uint16,uint16,FALSE
uint8,uint8,RH7,float32,NAN,NAN,float32,uint8,uint8,uint8,float32,float32,uint8,uint8,float32,float32,float32,float32,float32,float32,uint8,uint8,uint8,uint8,uint8,uint8,FALSE
uint8,uint8,RH7,float32,float32,float32,float32,uint8,uint8,uint8,float32,float32,uint8,uint8,float32,float32,float32,float32,float32,float32,uint8,uint8,uint8,uint8,uint8,uint8,FALSE
uint8,uint8,RH7,float32,float32,float32,float32,uint8,uint8,uint8,float32,float32,uint8,uint8,float32,float32,float32,float32,float32,float32,uint8,uint8,uint16,uint8,uint8,uint16,FALSE
uint8,uint8,RH7,float32,float32,float32,float32,uint8,uint8,uint8,float32,float32,uint8,uint8,float32,float32,float32,float32,float32,float32,uint16,uint16,uint16,uint16,uint16,uint16,FALSE
uint8,uint8,RH7,float32,float32,float32,float32,uint8,uint8,uint8,float32,float32,uint8,uint8,float32,float32,float32,float32,float32,float32,uint16,uint16,uint16,uint16,uint16,uint16,TRUE
uint8,uint8,RH7,uint8,float32,float32,float32,uint8,uint8,uint8,float32,float32,uint8,uint8,float32,float32,float32,float32,float32,float32,uint16,uint16,uint16,uint16,uint16,uint16,TRUE
uint8,uint8,RH7,float32,float32,float32,float32,uint8,uint8,uint8,float32,float32,uint8,uint8,float32,float32,float32,float32,float32,float32,uint16,uint16,uint16,uint16,uint16,uint16,TRUE
uint8,uint8,RH7,float32,float32,float32,float32,uint8,uint8,uint8,float32,float32,uint8,uint8,float32,float32,float32,float32,float32,float32,uint16,uint16,uint16,uint16,uint16,uint16,TRUE
uint8,uint8,RH7,float32,float32,float32,float32,uint8,uint8,uint8,float32,float32,uint8,uint8,float32,float32,float32,float32,float32,float32,uint16,uint16,uint16,uint16,uint16,uint16,TRUE
uint8,uint8,RH7,float32,float32,float32,float32,uint8,uint8,uint8,float32,float32,uint8,uint8,float32,float32,float32,float32,float32,float32,uint16,uint16,uint16,uint16,uint16,uint16,TRUE
uint8,uint8,RH7,float32,float32,float32,float32,uint8,uint8,uint8,float32,float32,uint8,uint8,float32,float32,float32,float32,float32,float32,uint16,uint16,uint16,uint16,uint16,uint16,FALSE
uint8,uint8,RH7,float32,float32,float32,float32,uint8,uint8,uint8,float32,float32,uint8,uint8,float32,float32,float32,float32,float32,float32,uint16,uint16,uint16,uint16,uint16,uint16,FALSE
uint8,uint8,RH7,float32,float32,float32,float32,uint8,uint8,uint8,float32,float32,uint8,uint8,float32,float32,float32,float32,float32,float32,uint16,uint16,uint16,uint16,uint16,uint16,FALSE
uint8,uint8,RH7,float32,NAN,NAN,float32,uint8,uint8,uint8,float32,float32,uint8,uint8,float32,float32,float32,float32,float32,float32,uint16,uint16,uint16,uint16,uint16,uint16,FALSE
uint8,uint8,RH8,float32,NAN,NAN,uint8,uint8,uint8,uint8,float32,float32,uint8,uint8,float32,float32,float32,float32,float32,float32,uint8,uint8,uint8,uint8,uint8,uint8,FALSE
uint8,uint8,RH8,float32,float32,float32,float32,uint8,uint8,uint8,float32,float32,uint8,uint8,float32,float32,float32,float32,float32,float32,uint8,uint8,uint8,uint8,uint8,uint8,FALSE
uint8,uint8,RH8,float32,float32,float32,float32,uint8,uint8,uint8,float32,float32,uint8,uint8,float32,float32,float32,float32,float32,float32,uint8,uint8,uint8,uint8,uint8,uint16,FALSE
uint8,uint8,RH8,float32,float32,float32,float32,uint8,uint8,uint8,float32,float32,uint8,uint8,float32,float32,float32,float32,float32,float32,uint16,uint8,uint16,uint16,uint16,uint16,TRUE
uint8,uint8,RH8,float32,float32,float32,float32,uint8,uint8,uint8,float32,float32,uint8,uint8,float32,float32,float32,float32,float32,float32,uint16,uint16,uint16,uint16,uint16,uint16,TRUE
uint8,uint8,RH8,float32,float32,float32,float32,uint8,uint8,uint8,float32,float32,uint8,uint8,float32,float32,float32,float32,float32,float32,uint16,uint16,uint16,uint16,uint16,uint16,TRUE
uint8,uint8,RH8,float32,float32,float32,float32,uint8,uint8,uint8,float32,float32,uint8,uint8,float32,float32,float32,float32,float32,float32,uint16,uint16,uint16,uint16,uint16,uint16,TRUE
uint8,uint8,RH8,float32,float32,float32,float32,uint8,uint8,uint8,float32,float32,uint8,uint8,float32,float32,float32,float32,float32,float32,uint16,uint16,uint16,uint16,uint16,uint16,FALSE
uint8,uint8,RH8,float32,float32,float32,float32,uint8,uint8,uint8,float32,float32,uint8,uint8,float32,float32,float32,float32,float32,float32,uint16,uint16,uint16,uint16,uint16,uint16,FALSE
uint8,uint8,RH8,uint8,float32,float32,float32,uint8,uint8,uint8,float32,float32,uint8,uint8,float32,float32,float32,float32,float32,float32,uint16,uint16,uint16,uint16,uint16,uint16,FALSE
uint8,uint8,RH8,float32,float32,float32,float32,uint8,uint8,uint8,float32,float32,uint8,uint8,float32,float32,float32,float32,float32,float32,uint16,uint16,uint16,uint16,uint16,uint16,TRUE
uint8,uint8,RH8,float32,float32,float32,float32,uint8,uint8,uint8,float32,float32,uint8,uint8,float32,float32,float32,float32,float32,float32,uint16,uint16,uint16,uint16,uint16,uint16,TRUE
uint8,uint8,RH8,float32,float32,float32,float32,uint8,uint8,uint8,float32,float32,uint8,uint8,float32,float32,float32,float32,float32,float32,uint16,uint16,uint16,uint16,uint16,uint16,TRUE
uint8,uint8,RH8,float32,float32,float32,float32,uint8,uint8,uint8,float32,float32,uint8,uint8,float32,float32,float32,float32,float32,float32,uint16,uint16,uint16,uint16,uint16,uint16,TRUE
uint8,uint8,RH8,float32,NAN,NAN,float32,uint8,uint8,uint8,float32,float32,uint8,uint8,float32,float32,float32,float32,float32,float32,uint16,uint16,uint16,uint16,uint16,uint16,FALSE
